Source Account,Text,Date,Compound,Positive,Neutral,Negative,Tweets Ago
BBC,Chile has launched a huge hiking route through its Patagonian wilderness. üå≤üòçüèî  https://t.co/WFIcKZe5Hv https://t.co/RLKjTx2Emo,Sat Sep 29 20:32:03 +0000 2018,0.4215,0.257,0.743,0.0,1
BBC,üê£üòç Conservationists have been monitoring the progress of rare Leach's storm petrel chicks on the remote Scottish ar‚Ä¶ https://t.co/KzMHUIysAO,Sat Sep 29 17:02:12 +0000 2018,0.4215,0.135,0.865,0.0,2
BBC,"'My children bought back the car I sold to pay for wife's cancer treatment'. ‚ù§Ô∏èÔ∏èüöò

https://t.co/xOJwzbgGlE https://t.co/Tx3WYCkCXu",Sat Sep 29 16:01:07 +0000 2018,-0.7003,0.0,0.707,0.293,3
BBC,"RT @BBCEngland: Benny the beluga whale is spending his fifth day in the Thames but appears to be healthy and swimming normally, the Port of‚Ä¶",Sat Sep 29 15:54:38 +0000 2018,0.5499,0.129,0.871,0.0,4
BBC,"Always start by playing paper! üëä‚úã‚úåÔ∏è

This is how to win at rock-paper-scissors... 

https://t.co/2VzUFq74FT",Sat Sep 29 15:02:04 +0000 2018,0.7088,0.329,0.671,0.0,5
BBC,"'What do I know her from again?' ü§îüì∫

These are the TV actors who pop up in everything. https://t.co/XLQBs5bE5p https://t.co/DJWV8U3OhY",Sat Sep 29 14:03:07 +0000 2018,0.0,0.0,1.0,0.0,6
BBC,"This is the world's most dangerous city to be a woman. 

https://t.co/v1qrWFF6B6",Sat Sep 29 13:01:07 +0000 2018,-0.5256,0.0,0.747,0.253,7
BBC,"""New York City is underwhelming"". üò≥üò≥üò≥
 
#UnpopularOpinion was HARSH this week. üòÇ @gregjames

https://t.co/pSz5eP8YbR",Sat Sep 29 11:03:02 +0000 2018,-0.186,0.156,0.616,0.227,8
BBC,"What's it like growing up with tourettes?

Brother and sister Jack and Rebecca describe how people react to their t‚Ä¶ https://t.co/VXY3jdCbEu",Sat Sep 29 10:03:05 +0000 2018,0.4939,0.181,0.819,0.0,9
BBC,"This school became a national leader by focusing on a neglected subject... 

https://t.co/5c7iSPT3rc",Sat Sep 29 09:01:02 +0000 2018,-0.5267,0.0,0.746,0.254,10
BBC,RT @BBCOne: .@LadyGaga &amp; Jodie Whittaker playing the #DoctorWho theme tune on the theremin is a joy to behold. #TheGNShow https://t.co/0aLu‚Ä¶,Sat Sep 29 08:11:46 +0000 2018,0.6808,0.237,0.763,0.0,11
BBC,"""I've broken around 80 bones"". üò¨üè•

Meet the man who can't feel pain. üëâ https://t.co/6qsfeQmIct https://t.co/6jXkhYCTza",Sat Sep 29 08:05:03 +0000 2018,-0.1022,0.118,0.746,0.136,12
BBC,"Say hello to baby Omo, a rare albino squirrel... üòçüêøÔ∏è

https://t.co/FVppFQSOJw",Sat Sep 29 07:03:06 +0000 2018,0.0,0.0,1.0,0.0,13
BBC,"Over the last 50 years, the flesh-footed shearwater population has dropped by 30%.

Plastic is a major cause of the‚Ä¶ https://t.co/827iYwzryJ",Sat Sep 29 06:31:00 +0000 2018,0.0,0.0,1.0,0.0,14
BBC,"The Graham Norton Show is back! Tonight Bradley Cooper, @ladygaga, Jodie Whittaker and @ryangosling join @grahnort‚Ä¶ https://t.co/prBbKLrkaO",Fri Sep 28 20:31:03 +0000 2018,0.3595,0.135,0.865,0.0,15
BBC,"It's the Celebrity MasterChef final! After six gruelling weeks, just two tough challenges stand between the three r‚Ä¶ https://t.co/mLCixMGG8v",Fri Sep 28 18:32:03 +0000 2018,-0.126,0.065,0.846,0.089,16
BBC,"Science has confirmed: cats are nice. üòª

https://t.co/nTtAUxYl6v https://t.co/kI8XYPICjA",Fri Sep 28 16:03:07 +0000 2018,0.7003,0.345,0.655,0.0,17
BBC,"üòÆüêô You need to watch this seal slap a man with an octopus... 

https://t.co/Njn1fsWeXX",Fri Sep 28 15:01:02 +0000 2018,0.1531,0.118,0.882,0.0,18
BBC,In pictures: Politician mothers take their babies to work. üë∂üì∑ https://t.co/wZ4NmFwkOn https://t.co/BTtyJu1WSX,Fri Sep 28 14:03:07 +0000 2018,0.0,0.0,1.0,0.0,19
BBC,"Why do we love bees, but hate wasps? https://t.co/2CM65SLLyE",Fri Sep 28 12:33:00 +0000 2018,-0.5346,0.177,0.478,0.345,20
BBC,"What kind of snack would you be? ü§î

Kids asking Tom Hardy difficult questions is the best thing you'll see today. üòÇ‚Ä¶ https://t.co/8iFXGQhKlz",Fri Sep 28 11:04:06 +0000 2018,0.6597,0.227,0.691,0.082,21
BBC,"RT @BBCWomansHour: The üö®TOP 10üö® #WomenInMusic on the #WHPowerList have been revealed! üåü Featuring the most iconic performers, heads of labe‚Ä¶",Fri Sep 28 10:24:29 +0000 2018,0.0,0.0,1.0,0.0,22
BBC,"‚ù§Ô∏è This story of a missing 49-year-old father is the most moving thing you'll watch today. 

https://t.co/8CYggzS9Hj",Fri Sep 28 10:02:06 +0000 2018,-0.296,0.0,0.879,0.121,23
BBC,"RT @bbcmusic: How are you celebrating #BBCMusicDay today? 

Here's 9 Things to watch out for, including @George_Ezra reading a bedtime stor‚Ä¶",Fri Sep 28 09:40:18 +0000 2018,0.5719,0.171,0.829,0.0,24
BBC,"How would you cope if you knew how you might die?

https://t.co/VbAFmeDCXQ",Fri Sep 28 09:04:01 +0000 2018,-0.5994,0.0,0.738,0.262,25
BBC,"Eggs as conditioner? ü•öü§∑

Experts rate the beauty tips that our mums swore by. üëâ https://t.co/HGSuMbUNOj https://t.co/uoUg0LYfQp",Fri Sep 28 08:04:02 +0000 2018,0.5859,0.167,0.833,0.0,26
BBC,"Are children getting too much homework in the UK? üìöüñç

Comedian @robdelaney says kids' workload is ""madness"".‚Ä¶ https://t.co/i16FsfwKNb",Fri Sep 28 07:32:06 +0000 2018,0.3818,0.133,0.867,0.0,27
BBC,"Here's some useful advice on how you can help hedgehogs at this time of year. ü¶î

https://t.co/TKgF4H0ktl",Fri Sep 28 07:01:05 +0000 2018,0.6808,0.272,0.728,0.0,28
BBC,"This is the quiz where you have to play the answer as well as say it. Famous faces battle it out, testing their ski‚Ä¶ https://t.co/WXXa78QNdD",Thu Sep 27 17:02:07 +0000 2018,0.2263,0.155,0.756,0.089,29
BBC,Got a bag of frozen peas lurking at the back of the freezer? Here are 7 things you can do with them. üòãüç¥‚Ä¶ https://t.co/innpVg70hh,Thu Sep 27 16:03:09 +0000 2018,-0.128,0.0,0.933,0.067,30
BBC,"John Cunliffe, creator of Postman Pat and Rosie and Jim, has died aged 85. https://t.co/OoHcAgZsu5 https://t.co/PEwPmaItNP",Thu Sep 27 15:31:07 +0000 2018,-0.5574,0.0,0.806,0.194,31
BBC,"Flying squirrels are secretive creatures but if you're lucky, you might meet one. Or two. Or three. üòÆüêø

https://t.co/vx8aM2dHRt",Thu Sep 27 15:06:35 +0000 2018,0.5719,0.171,0.829,0.0,32
BBC,"""It's very difficult not to tie your self-worth to the size of your audience"".

@hankgreen on the darker side of in‚Ä¶ https://t.co/EF0u3XM6Nj",Thu Sep 27 14:03:05 +0000 2018,-0.4201,0.0,0.883,0.117,33
BBC,"If half of the UK switched to reusable water bottles, we'd save enough plastic to stretch to the moon and back in j‚Ä¶ https://t.co/HEtqsCQbly",Thu Sep 27 13:46:00 +0000 2018,0.4939,0.122,0.878,0.0,34
BBC,RT @BBCNews: Postman Pat and Rosie and Jim author John Cunliffe dies https://t.co/VPI0iFKwaA,Thu Sep 27 13:10:27 +0000 2018,0.0,0.0,1.0,0.0,35
BBC,"""Dear haters, you're going to hate this."" 

Oliver reacts to Scotland's 'Dear Transphobes' campaign.

https://t.co/uayhqEP7jP",Thu Sep 27 13:03:06 +0000 2018,-0.4019,0.225,0.476,0.299,36
BBC,"What a moment! üòÆ üêô

A man has been filmed being slapped in the face with a large octopus thrown by a seal. üëâ‚Ä¶ https://t.co/QxUgZSSXnX",Thu Sep 27 12:32:06 +0000 2018,0.0,0.0,1.0,0.0,37
BBC,"Millions of seahorses are caught every year, threatening their global survival. üíî

https://t.co/CUYoiiYtXa",Thu Sep 27 11:03:03 +0000 2018,-0.7579,0.0,0.649,0.351,38
BBC,"RT @BBCTwo: BBC Two just got a brand new look.

Check out some of our new Idents in all their glory‚Ä¶

More info here: https://t.co/5WJBbgGY‚Ä¶",Thu Sep 27 10:44:32 +0000 2018,0.0,0.0,1.0,0.0,39
BBC,"We feel for Deirdre trying to answer some of these... it's unlikely Agony Aunt letters! ‚úâÔ∏èüòÇ #MockTheWeek

https://t.co/iUev3YVy9v",Thu Sep 27 10:02:02 +0000 2018,-0.4753,0.0,0.846,0.154,40
BBC,"Talk about an anticlimax!

When these rescue workers were called to save a drowning man, they got a HUGE surprise..‚Ä¶ https://t.co/PAVPpirEj0",Thu Sep 27 09:04:05 +0000 2018,0.8697,0.38,0.62,0.0,41
BBC,"""It was probably the end of the night and I was definitely ready for my bed."" üòÇ

When a photo of you in a nightclub‚Ä¶ https://t.co/asnG7gQrC9",Thu Sep 27 08:04:04 +0000 2018,0.7964,0.265,0.678,0.056,42
BBC,"Up, up and away! These enormous kites took to the sky at a festival in Germany. üå¨  https://t.co/HSIAQAQQE9 https://t.co/iIWX5ERx8I",Thu Sep 27 07:32:04 +0000 2018,0.5411,0.162,0.838,0.0,43
BBC,"So cute! üòçüê£ Meet Germany's 'Papa Goose'... 

https://t.co/3NtLqZQcnm",Thu Sep 27 07:04:02 +0000 2018,0.5551,0.339,0.661,0.0,44
BBC,The 14th Century house used as the birthplace of Harry Potter is still up for sale. ‚ö°Ô∏èüìñ  https://t.co/dcspAsDKrg https://t.co/NEOGYEkwBr,Wed Sep 26 20:03:06 +0000 2018,0.0,0.0,1.0,0.0,45
BBC,"üì¨Do not post crisp packets to Walkers, says Royal Mail ‚û°Ô∏è

https://t.co/3JbgtRfiBQ https://t.co/VWRXGKC9nJ",Wed Sep 26 19:07:05 +0000 2018,0.0,0.0,1.0,0.0,46
BBC,"Did the Duchess of Sussex break protocol when she closed her car door? 

https://t.co/o2n2k0msfU https://t.co/qYmnjcI0ZM",Wed Sep 26 16:02:05 +0000 2018,0.0,0.0,1.0,0.0,47
BBC,"This puffer fish creates something absolutely breathtaking. üê°üò≤ #LifeStory 

https://t.co/mxU7VERaCI",Wed Sep 26 15:03:05 +0000 2018,0.659,0.403,0.597,0.0,48
BBC,"RT @bbcweather: From today, night is longer than day. üåÉ/‚òÄ and the darkness is increasing at a rate of 4/5mins a day. Jo #Autumn https://t.c‚Ä¶",Wed Sep 26 14:04:00 +0000 2018,-0.25,0.0,0.917,0.083,49
BBC,"Archaeologists have found a 400-year-old shipwreck off the coast of Portugal, in what one specialist called the ""di‚Ä¶ https://t.co/YP9fuo5Iz7",Wed Sep 26 14:03:03 +0000 2018,0.0,0.0,1.0,0.0,50
BBC,"Another grand slam for @Andy_Murray üò¨

The tennis star took to Instagram to share the awkward moment he dropped a c‚Ä¶ https://t.co/fXEFv5P9Nz",Wed Sep 26 13:04:06 +0000 2018,-0.1027,0.181,0.59,0.229,51
BBC,An orangutan named Rocky has become the first to mimic human speech. üôäüí¨  https://t.co/DIGdTHwpNq https://t.co/MeQwgxocmm,Wed Sep 26 12:32:03 +0000 2018,0.0,0.0,1.0,0.0,52
BBC,"It‚Äôs National #FitnessDay! üèÄÔ∏è‚öΩÔ∏èüéæ

How much do you really know about exercise? 

Take this quiz to find out‚Ä¶‚Ä¶ https://t.co/8t1SMXLZp2",Wed Sep 26 12:30:08 +0000 2018,0.0,0.0,1.0,0.0,53
BBC,"It's that time of year again... üôÑ

https://t.co/LxjiPTYUIG",Wed Sep 26 11:02:01 +0000 2018,0.0,0.0,1.0,0.0,54
BBC,RT @BBCRadio4: üé∂ Prepare for adventure as @gemcairn takes @KojeyRadical on a musical journey to Accra... https://t.co/mvTfrBzlnB,Wed Sep 26 10:46:44 +0000 2018,0.3182,0.126,0.874,0.0,55
BBC,"What. A. Voice. üòÆüëè

7-year-old Malea Emma was asked to sing the national anthem before an LA Galaxy game...

https://t.co/WHmbmTKkyU",Wed Sep 26 10:04:04 +0000 2018,0.0,0.0,1.0,0.0,56
BBC,RT @BBCLater: Record-breaking UK solo artist @JessGlynne got our brand new series off to a storming start tonight... Watch the performance‚Ä¶,Wed Sep 26 09:53:51 +0000 2018,0.0,0.0,1.0,0.0,57
BBC,"Discover the ancient volcanoes along Scotland‚Äôs west coast... üòÆüåã

https://t.co/kEPUuvtDN3",Wed Sep 26 09:04:04 +0000 2018,0.0,0.0,1.0,0.0,58
BBC,How to help a friend who's struggling with mental health. https://t.co/X9PwihsgH9 https://t.co/0lUMrtmb1j,Wed Sep 26 08:04:03 +0000 2018,0.4767,0.353,0.479,0.168,59
BBC,"Students can take a David Bowie course at Leeds University. ‚úçüéì 

üìªüëâ https://t.co/4jPPrnAK5S https://t.co/0ISuNTEZ5b",Wed Sep 26 07:31:04 +0000 2018,0.0,0.0,1.0,0.0,60
BBC,"From Hawarden to Mount Snowdon, it's #MonkmanAndSeagull's Guide To Wales! üôå @e_monkman @bobby_seagull 

https://t.co/witW8qatbV",Wed Sep 26 07:02:07 +0000 2018,0.0,0.0,1.0,0.0,61
BBC,"Tonight @JessGlynne, @idlesband, @softcellhq, @Ralph_McTell, @KingPrincess69 and @HakBaker join Jools on the first‚Ä¶ https://t.co/Lb6VCJ3eQI",Tue Sep 25 20:03:05 +0000 2018,0.296,0.145,0.855,0.0,62
BBC,"Christopher Eccleston narrates a film which asks whether, a century later, the lessons learnt in 1918 might help us‚Ä¶ https://t.co/BiR6nIr1bz",Tue Sep 25 19:03:06 +0000 2018,0.4019,0.137,0.863,0.0,63
BBC,"RT @BBCOne: **BREAKING** Meet your 2018 candidates, as introduced by @MattEdmondson on @bbciplayer &gt;&gt; https://t.co/oUaGVpPBuf

#TheApprenti‚Ä¶",Tue Sep 25 16:32:49 +0000 2018,0.0,0.0,1.0,0.0,64
BBC,"Happy birthday to the one and only Will Smith! üéâüéà

https://t.co/CqmihTvPYW",Tue Sep 25 16:02:03 +0000 2018,0.6114,0.285,0.715,0.0,65
BBC,".@BTS_twt have now gone where no K-pop group has gone before: The United Nations.

In a powerful speech, Kim Nam-jo‚Ä¶ https://t.co/bkZFU5VfFX",Tue Sep 25 15:02:02 +0000 2018,0.5267,0.226,0.685,0.089,66
BBC,"üî§Scrabble players will now be able to use words such as ""OK"" and ""ew"" after a US dictionary company announced it wa‚Ä¶ https://t.co/kMHWzb8Gwi",Tue Sep 25 14:00:23 +0000 2018,0.0,0.0,1.0,0.0,67
BBC,"In Sweden, you get paid double to be a parent.

(Via @BBCThree)

https://t.co/daXes3fiZX",Tue Sep 25 13:05:02 +0000 2018,0.0,0.0,1.0,0.0,68
BBC,Indonesian teenager survives 49 days adrift at sea in 'fishing hut'. https://t.co/5rKpohNfRi https://t.co/qlRvoxZGe2,Tue Sep 25 12:32:05 +0000 2018,0.0,0.0,1.0,0.0,69
BBC,"This is what happens when you teach African teenage girls to fly. ‚úàÔ∏è

https://t.co/1Kp4Ael1FO",Tue Sep 25 11:03:05 +0000 2018,0.0,0.0,1.0,0.0,70
BBC,"RT @bbcpress: üëâ Meet the new #TheApprentice contestants. Who will be the first to hear the words ""you're fired""? Series starts 3 October on‚Ä¶",Tue Sep 25 10:39:01 +0000 2018,0.0,0.0,1.0,0.0,71
BBC,"Who knew eating a pizza could be this filthy? üòÇüçï #QI

https://t.co/eeYWlRL9eV",Tue Sep 25 10:03:02 +0000 2018,0.0,0.0,1.0,0.0,72
BBC,"‚ôªÔ∏è It's so different from place to place‚Ä¶ is there an easier way to sort this plastic recycling? 

https://t.co/75TG6dddQd",Tue Sep 25 08:53:02 +0000 2018,0.4215,0.128,0.872,0.0,73
BBC,"Plastic is everywhere. Are you surprised?

#PlasticsWatch https://t.co/q1QXHYgYAR",Tue Sep 25 08:30:00 +0000 2018,0.2263,0.213,0.787,0.0,74
BBC,"ü§îüé®Quiz: Can you guess which musicians painted these pictures?

https://t.co/CNo9uMGasj https://t.co/YrQeRins9E",Tue Sep 25 08:02:07 +0000 2018,0.0,0.0,1.0,0.0,75
BBC,"üéìWhat's the best university name in the world to put on a job application?

https://t.co/2uEYRC075L https://t.co/tLmNn6W4Rt",Tue Sep 25 07:32:06 +0000 2018,0.6369,0.231,0.769,0.0,76
BBC,"Ô∏è‚öΩÔ∏èüèÜ @HKane, @hazardeden10 and @MoSalah are on the shortlist for the best men's player, while England's @LucyBronze‚Ä¶ https://t.co/3cD3mKTSMk",Mon Sep 24 20:45:07 +0000 2018,0.6369,0.198,0.802,0.0,77
BBC,"Keeping the head on is an unwritten rule of the job... üò≥Ô∏è‚öΩÔ∏è

A video of Colorado's football mascot accidentally sho‚Ä¶ https://t.co/vn9YzZeMLj",Mon Sep 24 18:02:07 +0000 2018,-0.34,0.0,0.888,0.112,78
BBC,"‚ú®üï∫üíÉ @ZoeTheBall is back to give the lowdown on this series of @BBCStrictly!

Strictly - It Takes Two | 6:30pm |‚Ä¶ https://t.co/6rLJAtcYYx",Mon Sep 24 16:32:08 +0000 2018,-0.2714,0.0,0.901,0.099,79
BBC,"RT @BBCOne: We're doing this to the letter, fellas. #LineOfDuty is back in t-w-e-n-t-y n-i-n-e-t-e-e-n. @martin_compston @Vicky_McClure htt‚Ä¶",Mon Sep 24 16:26:11 +0000 2018,0.0,0.0,1.0,0.0,80
BBC,RT @BBCOne: How easy is it to get help for mental health when you need it? 14-year-old Jess was refused treatment for anxiety but went on t‚Ä¶,Mon Sep 24 15:53:55 +0000 2018,0.2144,0.128,0.773,0.099,81
BBC,"RT @bbcdoctorwho: 1,2,3,4‚Ä¶. Thirteen #DoctorWho #Sheffield https://t.co/xaDWu2DmtF",Mon Sep 24 15:17:27 +0000 2018,0.0,0.0,1.0,0.0,82
BBC,"Papa‚Ä¶ what? ü§îüòÇ 

A new series of Letterbox starts today at 6pm on @BBCTwo. 
https://t.co/NLP3Hx0YSK https://t.co/c8myHijbdz",Mon Sep 24 15:06:34 +0000 2018,0.0,0.0,1.0,0.0,83
BBC,"‚úàÔ∏èIs this one of the world's most beautiful airports?

https://t.co/ewqnUMEhZY https://t.co/aFxlQBAET6",Mon Sep 24 13:59:07 +0000 2018,0.6361,0.295,0.705,0.0,84
BBC,"So. Awkward. üçóüò≥üòÇ

When @lilyallen had to turn down chicken wings from @Drake... 

https://t.co/4pCjbGbUjY",Mon Sep 24 13:01:06 +0000 2018,-0.2247,0.0,0.873,0.127,85
BBC,"RT @bbcpress: Who were your #BluePeter presenters growing up? üéÇ6‚É£0‚É£üéÇ The @CBBC show will celebrate 60 years next month. Facts, interviews a‚Ä¶",Mon Sep 24 11:36:41 +0000 2018,0.6597,0.213,0.787,0.0,86
BBC,"Christina set up ‚ÄòSandwich Angels‚Äô to help feed Manchester‚Äôs homeless community. (Via @bbcthree)

https://t.co/Xq0WVgZFFe",Mon Sep 24 11:08:45 +0000 2018,0.4019,0.172,0.828,0.0,87
BBC,"""Girls have rights and I have rights to an education."" üíõ

This young woman choose to teach instead of becoming a te‚Ä¶ https://t.co/lFAjrelhXI",Mon Sep 24 10:02:07 +0000 2018,0.0,0.0,1.0,0.0,88
BBC,"üò≥üòÇ ""I'm going to leave it there because the lawyers are on the phone""

When @BBCSimonMcCoy sat down for a serious i‚Ä¶ https://t.co/HAuyMtgM2c",Mon Sep 24 09:03:02 +0000 2018,-0.128,0.0,0.889,0.111,89
BBC,"RT @BBCSportWales: Are you brave enough to dive off a cliff? 

This teenager is - and he's about to make history üò≤ https://t.co/8fOgNK7URM",Mon Sep 24 08:49:40 +0000 2018,0.7184,0.231,0.769,0.0,90
BBC,Mosquitoes are transferring plastics into the food chain. üëâ https://t.co/tjdOPX0zrn https://t.co/O4VxfryLpA,Mon Sep 24 08:02:05 +0000 2018,0.0,0.0,1.0,0.0,91
BBC,There are plans for scientists in Russia to attempt to bring woolly mammoths back from extinction. üî¨‚Ä¶ https://t.co/31HyafKzgN,Mon Sep 24 07:31:07 +0000 2018,0.0,0.0,1.0,0.0,92
BBC,This is the most hardcore baptism you‚Äôll ever see - a mum carrying her baby to a church up a near-vertical cliff fa‚Ä¶ https://t.co/RXxvIRWdyS,Mon Sep 24 07:02:04 +0000 2018,0.0,0.0,1.0,0.0,93
BBC,"RT @BBCOne: 157 crew.
88 shoot days.
56 cast.
23 stunt performers.
6 episodes.
2 directors.
1 writer.
1 epic finale. 

Thanks for watching‚Ä¶",Sun Sep 23 22:04:30 +0000 2018,0.128,0.124,0.773,0.103,94
BBC,"RT @BBCOne: Just David Budd, having the epitome of a VERY BAD DAY. #Bodyguard https://t.co/uuz9xTSusb",Sun Sep 23 20:32:23 +0000 2018,-0.7398,0.0,0.712,0.288,95
BBC,"Get ready to learn the truth.

Don‚Äôt miss the epic finale of #Bodyguard. Tonight at 9pm on @BBCOne.

https://t.co/WBN1aXFHDl",Sun Sep 23 19:04:06 +0000 2018,0.4939,0.214,0.714,0.071,96
BBC,"ü§îüìÜ Quiz: Can you guess which celebrity is the oldest? 

https://t.co/EVdI3SRIxf https://t.co/7hc2mzrx3B",Sun Sep 23 18:02:04 +0000 2018,0.0,0.0,1.0,0.0,97
BBC,"Falling leaves, dramatic skies, misty mornings... üçÇüå∞ü¶ä

7 signs that autumn is well and truly on its way. üëâ‚Ä¶ https://t.co/iNXWoE3zcW",Sun Sep 23 17:02:01 +0000 2018,0.5267,0.221,0.708,0.071,98
BBC,"'We're in love but never have sex'. 

https://t.co/IOgVh8eiFC https://t.co/dCLDcKhQ0Y",Sun Sep 23 16:04:03 +0000 2018,0.3818,0.245,0.755,0.0,99
BBC,"Sea dragons are so elegant üòç #Oceans

https://t.co/yulAjV8D0S",Sun Sep 23 15:03:04 +0000 2018,0.8058,0.447,0.553,0.0,100
CBS,"On @colbertlateshow, @TheNeighborhood's @CedEntertainer and Stephen recall the first time they met on a night when‚Ä¶ https://t.co/vjz1zVg4sR",Fri Sep 28 22:22:01 +0000 2018,0.0,0.0,1.0,0.0,1
CBS,".@happytogether's @wayansjr, @HereIsGina &amp; @latelateshow discuss the pros and cons of living with a pop star. Con:‚Ä¶ https://t.co/PLXFxfheW7",Fri Sep 28 20:16:14 +0000 2018,0.0,0.0,1.0,0.0,2
CBS,"If you haven't seen @SEALTeamCBS, make it your mission to know them before the #SEALTeam Season 2 premiere October‚Ä¶ https://t.co/NhCPI3lZSV",Fri Sep 28 17:52:41 +0000 2018,0.0,0.0,1.0,0.0,3
CBS,"‚ö°Ô∏è ‚ÄúMurphy Brown Returns to CBS‚Äù

https://t.co/3vsAg7WcB1",Fri Sep 28 16:51:50 +0000 2018,0.0,0.0,1.0,0.0,4
CBS,.@TheNeighborhood's @iamgreenfield revealing his Fiddler on the Roof goals on @latelateshow will be the earworm you‚Ä¶ https://t.co/swbh8HPwA1,Thu Sep 27 20:19:18 +0000 2018,0.0,0.0,1.0,0.0,5
CBS,RT @MurphyBrownCBS: A moment 20 years in the making all comes down to this. #MurphyBrown returns to @CBS tonight! https://t.co/tWSMFM3YbG,Thu Sep 27 20:01:53 +0000 2018,0.0,0.0,1.0,0.0,6
CBS,"Candice Bergen tells @colbertlateshow the presidential way tonight's @MurphyBrownCBS premiere imitates life, albeit‚Ä¶ https://t.co/4Kbk8gt6nS",Thu Sep 27 17:19:16 +0000 2018,0.0,0.0,1.0,0.0,7
CBS,@marlagardner222 @jay_hernandez Good idea. The theme song is a dead giveaway. üòâ,Thu Sep 27 16:58:08 +0000 2018,-0.34,0.169,0.581,0.25,8
CBS,@queenmama7777 @CBSAllAccess We believe in you! https://t.co/ZK0xaPRxVr,Thu Sep 27 00:44:13 +0000 2018,0.0,0.0,1.0,0.0,9
CBS,@BSkyjackcity @jokersupdates @CBSAllAccess On it. https://t.co/yxKX9ry7fw,Thu Sep 27 00:42:15 +0000 2018,0.0,0.0,1.0,0.0,10
CBS,Sixteen houseguests entered and now it's down to the Final 3. Don't miss a second of the 90-minute #BB20Finale toni‚Ä¶ https://t.co/KwDHR9Hfqu,Wed Sep 26 21:49:27 +0000 2018,0.1139,0.071,0.929,0.0,11
CBS,"The tribe has spoken, and they do a pretty decent @JeffProbst impression just in time for the @survivorcbs Season P‚Ä¶ https://t.co/2Ps8VKblay",Wed Sep 26 19:57:54 +0000 2018,0.6249,0.221,0.779,0.0,12
CBS,"‚ö°Ô∏è ‚ÄúFBI Premieres on CBS‚Äù

https://t.co/faL6iHZc5g",Wed Sep 26 17:25:43 +0000 2018,0.0,0.0,1.0,0.0,13
CBS,"RT @CBSAllAccess: A night of crime dramas?! Oh yes. üôå Stream @NCIS_CBS, @FBICBS &amp; @NCISNewOrleans starting at 8/7c on CBS All Access: https‚Ä¶",Tue Sep 25 21:10:56 +0000 2018,-0.2714,0.098,0.764,0.138,14
CBS,"Before @FBICBS premieres tonight, @mperegrym stopped by @CBSThisMorning to talk about her role as an FBI agent in t‚Ä¶ https://t.co/CPVki4Hv8y",Tue Sep 25 20:31:45 +0000 2018,-0.2263,0.0,0.909,0.091,15
CBS,RT @CBSAllAccess: üö® @PatrickBrammall. Tim Meadows. @jessicaalba. @iamgreenfield. @AHWAmySedaris. @ChrisGethard. @JoeManganiello. AND SO MAN‚Ä¶,Tue Sep 25 19:54:26 +0000 2018,0.0,0.0,1.0,0.0,16
CBS,RT @bigbangtheory: Happy #NationalComicBookDay from Sheldon and his many shirts! How are you sporting your favorite superhero today? #BigBa‚Ä¶,Tue Sep 25 19:45:33 +0000 2018,0.7901,0.291,0.709,0.0,17
CBS,"‚ö°Ô∏è ‚ÄúMagnum P.I. Premieres on CBS‚Äù

https://t.co/UtbQlcDG8S",Tue Sep 25 18:34:26 +0000 2018,0.0,0.0,1.0,0.0,18
CBS,".@jay_hernandez went on @latelateshow to talk about @MagnumPICBS, but he may have gotten @TiffanyHaddish as a surf‚Ä¶ https://t.co/a3acRu10aw",Tue Sep 25 18:05:31 +0000 2018,0.0,0.0,1.0,0.0,19
CBS,"RT @60Minutes: 60 Minutes turns 50 today. Tick, tick, tick ... https://t.co/3CVKEs9J7F",Mon Sep 24 18:56:15 +0000 2018,0.0,0.0,1.0,0.0,20
CBS,"Due to #NFL football game overrun, #CBS Sunday lineup is delayed in ATL, Indy, NOLA, Kansas City, NYC, Philly, Prov‚Ä¶ https://t.co/fejqoxtvSY",Sun Sep 23 23:24:03 +0000 2018,-0.2263,0.0,0.913,0.087,21
CBS,Kick off your Sunday with @NFL on CBS. Catch your local games live on CBS and @CBSAllAccess. üèàüì∫‚Ä¶ https://t.co/kbo7N27mY9,Sun Sep 23 14:00:00 +0000 2018,0.0,0.0,1.0,0.0,22
CBS,"How does $100,000 sound? Because someone is going to win all that tonight on the @TKOCBS Battle Royale finale at 9p‚Ä¶ https://t.co/JEuUZ2QlQh",Fri Sep 21 19:18:00 +0000 2018,0.296,0.144,0.758,0.098,23
CBS,@colbertlateshow @IainLoveTheatre @IainLoveTheatre made a compelling argument. We'll get back to you. üòâ,Fri Sep 21 17:46:26 +0000 2018,-0.1531,0.123,0.714,0.162,24
CBS,"Now that @bigbangtheory is entering its last season, Kaley Cuoco admits to @latelateshow she's over the show's noto‚Ä¶ https://t.co/xvhlMWBhSX",Thu Sep 20 23:17:19 +0000 2018,0.296,0.109,0.891,0.0,25
CBS,RT @HawaiiFive0CBS: It‚Äôs the big Five-0! üéâ üåä #H50 premiered on this day in 1968! Celebrate 50 years of Hawaii Five-0 with every season of b‚Ä¶,Thu Sep 20 21:38:21 +0000 2018,0.7896,0.212,0.788,0.0,26
CBS,RT @JordanPeele: üì∫üåÄ https://t.co/CygbVi4JFC,Thu Sep 20 16:47:26 +0000 2018,0.0,0.0,1.0,0.0,27
CBS,The @latelateshow and @JKCorden will never be good enough for @henrygolding's crazy rich mom.‚Ä¶ https://t.co/xVmH5Iyfvs,Wed Sep 19 19:07:37 +0000 2018,-0.0531,0.176,0.588,0.236,28
CBS,RT @CBSThisMorning: Imagine receiving a digital friend request from someone claiming to be God. What would you do? The new @CBS drama @GodF‚Ä¶,Tue Sep 18 17:04:20 +0000 2018,0.6486,0.209,0.791,0.0,29
CBS,"RT @PriceIsRight: We're thrilled to be back with all new, fun, and exciting shows!!  We hope to give you another award winning season! HERE‚Ä¶",Mon Sep 17 22:01:52 +0000 2018,0.9642,0.527,0.473,0.0,30
CBS,RT @SalvationCBS: X marks the spot on the heart-stopping season finale of #SalvationCBS tonight at 9/8c on CBS &amp; CBS All Access: https://t.‚Ä¶,Mon Sep 17 21:41:20 +0000 2018,0.0,0.0,1.0,0.0,31
CBS,Waiting for tonight's @Elementary_CBS season finale like https://t.co/Ou8342vGT9,Mon Sep 17 19:18:37 +0000 2018,0.3612,0.263,0.737,0.0,32
CBS,"Due to an NFL overrun, the CBS Sunday lineup is delayed in the East/Central cities ONLY. New start times:‚Ä¶ https://t.co/IypoJ0l16P",Sun Sep 16 23:48:59 +0000 2018,-0.2263,0.0,0.909,0.091,33
CBS,RT @CBSAllAccess: Sundays were made for NFL on CBS. üèàüíØ Stream NFL on CBS All Access live today: https://t.co/vsod8jGE7N https://t.co/co2528‚Ä¶,Sun Sep 16 14:33:46 +0000 2018,0.0,0.0,1.0,0.0,34
CBS,"What happens when a PTA mom steals nearly $100,000 from her daughter's school? Don't miss the #PinkCollarCrimes sea‚Ä¶ https://t.co/Gjiy0pByaE",Sat Sep 15 16:00:01 +0000 2018,-0.4322,0.07,0.771,0.159,35
CBS,"RT @CBSAllAccess: No internet, no problem. You can now download and play your favorite shows on CBS All Access! üôå Learn how: https://t.co/y‚Ä¶",Fri Sep 14 18:22:59 +0000 2018,-0.2481,0.17,0.598,0.233,36
CBS,@PlaggemeyLee Mac's putting something together. üòâ https://t.co/6ww5HlV6Bx,Thu Sep 13 20:52:06 +0000 2018,0.0,0.0,1.0,0.0,37
CBS,This just in... https://t.co/QG3OYF6Rfv,Thu Sep 13 20:28:06 +0000 2018,0.0,0.0,1.0,0.0,38
CBS,RT @CBSAllAccess: Get excited! Stream original #MurphyBrown episodes for a limited time on CBS All Access before the @MurphyBrownCBS reviva‚Ä¶,Thu Sep 13 18:06:49 +0000 2018,0.4753,0.218,0.699,0.083,39
CBS,"This just in! The 54th #ACMawards will air LIVE from Las Vegas on Sunday, April 7, 2019 at 8/7c on CBS and‚Ä¶ https://t.co/Q9e7qxe26l",Mon Sep 10 17:06:16 +0000 2018,0.0,0.0,1.0,0.0,40
CBS,"Due to an NFL overrun, CBS is delayed 17 mins in the following markets: Kansas City, Miami, Tampa, NOLA, New York,‚Ä¶ https://t.co/9eXZ9mA1Xb",Sun Sep 09 23:36:09 +0000 2018,-0.2263,0.0,0.917,0.083,41
CBS,Are you ready for some football? üèà Stream your favorite NFL games LIVE on #CBSAllAccess today:‚Ä¶ https://t.co/eHt8guHoyv,Sun Sep 09 14:00:00 +0000 2018,0.6705,0.256,0.744,0.0,42
CBS,An unforgettable night of inspiring stories and performances highlighting the 10 years of impact #StandUpToCancer c‚Ä¶ https://t.co/8bp2XNKwfH,Sat Sep 08 16:20:43 +0000 2018,0.4215,0.149,0.851,0.0,43
CBS,The star-studded event is about to begin! Tune in now to watch #StandUpToCancer on CBS and @cbsallaccess. https://t.co/cD8TJuQBog,Sat Sep 08 00:00:00 +0000 2018,0.0,0.0,1.0,0.0,44
CBS,"RT @cbsallaccess: Join #TellMeAStory's @daniellemcam, @BillyMagnussen &amp; Dorian Missick by standing up to cancer! Watch @SU2C tonight at 8/7‚Ä¶",Fri Sep 07 23:15:09 +0000 2018,-0.5411,0.092,0.712,0.196,45
CBS,Tune in to a first-of-its-kind digital live show as lead up to @SU2C‚Äôs televised event tonight! The show will featu‚Ä¶ https://t.co/hIVaLAXYmR,Fri Sep 07 21:50:51 +0000 2018,0.0,0.0,1.0,0.0,46
CBS,Hollywood legend Burt Reynolds has passed away at the age of 82. He will be missed. https://t.co/HSmcJ9X9iC,Thu Sep 06 22:10:49 +0000 2018,-0.296,0.0,0.879,0.121,47
CBS,Here are @FBICBS‚Äô @JeremySisto and @EboneeReigne with a powerful message before #StandUpToCancer airs tomorrow! https://t.co/OCqh91N1OO,Thu Sep 06 19:00:01 +0000 2018,0.4753,0.192,0.808,0.0,48
CBS,Here's everything you need to know before tuning into #StandUpToCancer this Friday at 8/7c: https://t.co/IT9ht84TZ1 https://t.co/OK4AOxw5mP,Wed Sep 05 21:00:00 +0000 2018,0.0,0.0,1.0,0.0,49
CBS,Survivor host @JeffProbst is here to break down the theme of #Survivor: David vs. Goliath before the new season beg‚Ä¶ https://t.co/8TcA200eFQ,Wed Sep 05 17:32:40 +0000 2018,0.3612,0.111,0.889,0.0,50
CBS,"Thanks, @StephenAtHome. 
P.S. Nice beard. #LSSC https://t.co/wppVtfR9cL",Wed Sep 05 16:48:09 +0000 2018,0.6908,0.533,0.467,0.0,51
CBS,The biggest names in entertainment are coming together once again for #StandUpToCancer this Friday at 8/7c on @CBS‚Ä¶ https://t.co/ntuGKLYvuW,Tue Sep 04 20:34:26 +0000 2018,0.4215,0.135,0.865,0.0,52
CBS,RT @cbsallaccess: Stream #17 @WestVirginiaU vs. @UTKnoxville LIVE today at 3:30PM ET on CBS All Access! Try 1 month FREE using code BINGENO‚Ä¶,Sat Sep 01 15:25:34 +0000 2018,0.6514,0.171,0.829,0.0,53
CBS,"In just one week, @RWitherspoon, @McConaughey, Jennifer Garner, and more will attend the #‚ÄãStandUpToCancer fundrais‚Ä¶ https://t.co/iHKGOoWejA",Fri Aug 31 21:26:49 +0000 2018,0.0,0.0,1.0,0.0,54
CBS,"Believe in miracles. Watch this sneak peek of the complete premiere episode of @GodFriendedMe now, a month before i‚Ä¶ https://t.co/5AIUH5VmMk",Fri Aug 31 18:01:01 +0000 2018,0.0,0.0,1.0,0.0,55
CBS,"RT @cbsallaccess: Money. Murder. Mystery. #OneDollar is now streaming, exclusively on CBS All Access. https://t.co/3qFdTEmVU5 https://t.co/‚Ä¶",Thu Aug 30 19:45:51 +0000 2018,-0.6908,0.0,0.761,0.239,56
CBS,RT @GodFriendedMe: It's a godsend! We're dropping the #GodFriendedMe pilot tomorrow right here on Twitter for you to stream a full month be‚Ä¶,Thu Aug 30 15:32:47 +0000 2018,0.6239,0.17,0.83,0.0,57
CBS,"It's almost time for sweater weather, pumpkin spice lattes, and CBS Fall TV premieres. Check out the storylines for‚Ä¶ https://t.co/BpgDyYl8fc",Mon Aug 27 23:36:57 +0000 2018,0.0,0.0,1.0,0.0,58
CBS,RT @cbsallaccess: #NFL preseason coverage is here! üèà The Detroit @Lions battle the Tampa Bay @Buccaneers tonight at 8PM ET. Stream the game‚Ä¶,Fri Aug 24 20:30:16 +0000 2018,-0.4389,0.0,0.888,0.112,59
CBS,"@bigbangtheory üé∂...happy kitty, sleepy kitty, purr purr purrüé∂ #TheBigBangTheory https://t.co/sEObppGJlZ",Wed Aug 22 20:55:25 +0000 2018,0.0,0.0,1.0,0.0,60
CBS,"This is going to require multiple singings of ""Soft Kitty."" https://t.co/UdRGNeQ7Lb",Wed Aug 22 20:10:12 +0000 2018,0.0,0.0,1.0,0.0,61
CBS,Got to get more of the @PaulMcCartney #CarpoolKaraoke into your life? @latelateshow produced an hour-long bonus spe‚Ä¶ https://t.co/DjPqajo6Xn,Mon Aug 20 21:59:56 +0000 2018,0.5423,0.171,0.829,0.0,62
CBS,"How much does it cost to bury the truth? 
#OneDollar premieres August 30, exclusively on CBS All Access. https://t.co/ZL5TBH9ro5",Fri Aug 17 17:42:02 +0000 2018,0.3182,0.113,0.887,0.0,63
CBS,Things got carried away when @ArianaGrande joined @latelateshow for #CarpoolKaraoke. So did Ariana. #ArianaCarpool https://t.co/WSZcC0TaYz,Thu Aug 16 18:40:09 +0000 2018,0.0,0.0,1.0,0.0,64
CBS,RT @cbsallaccess: Murder mystery set in a small town? We're in. Rediscover the genius of original #TwinPeaks co-creators @DAVID_LYNCH and @‚Ä¶,Thu Aug 16 00:09:03 +0000 2018,-0.5267,0.092,0.72,0.188,65
CBS,New start times for @60Minutes 7:20ET/6:20CT @CBSBigBrother 8:20ET/7:20CT @NCISLA 9:20ET/8:20CT @Elementary_CBS 10:‚Ä¶ https://t.co/Op9VcDsREa,Sun Aug 12 23:30:02 +0000 2018,0.0,0.0,1.0,0.0,66
CBS,Clear your schedules for the 100th #PGAChamp! Stream the Final Round LIVE on @cbsallaccess at 2 PM ET across all de‚Ä¶ https://t.co/m6bH2pKTUN,Sun Aug 12 15:04:59 +0000 2018,0.4389,0.126,0.874,0.0,67
CBS,The fortune teller you‚Äôll meet this Saturday lived a life of luxury... by scamming her victims out of hundreds of t‚Ä¶ https://t.co/fJo6F2Eo5p,Sat Aug 11 18:00:00 +0000 2018,-0.3182,0.0,0.897,0.103,68
CBS,The 100th PGA Championship continues today! Stream it LIVE on @cbsallaccess at 2PM ET across all devices. Try 1 Wee‚Ä¶ https://t.co/jbMg06eOND,Sat Aug 11 15:00:02 +0000 2018,0.4926,0.144,0.856,0.0,69
CBS,"To celebrate the 100th PGA Championship, relive some of the tournament's greatest moments with Luke Wilson. 

Don't‚Ä¶ https://t.co/wUuB93smr4",Fri Aug 10 22:28:55 +0000 2018,0.8957,0.419,0.581,0.0,70
CBS,"RT @TrueCrimeCBS: When Glenn Walp and Steve Doran uncovered theft at the Los Alamos National Laboratory, they HAD to blow their whistles. W‚Ä¶",Fri Aug 10 19:59:14 +0000 2018,0.0,0.0,1.0,0.0,71
CBS,Want to create your own @CBSBigBrother or @TKOCBS meme using one the photos here? It‚Äôs your lucky day! Head over to‚Ä¶ https://t.co/JHJWykNkQT,Thu Aug 09 21:00:00 +0000 2018,0.6696,0.255,0.745,0.0,72
CBS,Time to celebrate! Your favorite Daytime shows will premiere with new seasons this fall. See all of the @CBSDaytime‚Ä¶ https://t.co/GNkK4Zf2kD,Thu Aug 09 18:47:00 +0000 2018,0.7901,0.28,0.72,0.0,73
CBS,"Love is in the air, and the water! International smash hit #LoveIsland is coming to CBS. https://t.co/nepabuNoSU https://t.co/Cxgvkv463u",Wed Aug 08 16:05:11 +0000 2018,0.6696,0.209,0.791,0.0,74
CBS,The Executive Producers of @CBSBigBrother are teaming up with @KingJames and @MavCarter for an unprecedented televi‚Ä¶ https://t.co/V88bDeHmQs,Tue Aug 07 16:06:57 +0000 2018,0.0,0.0,1.0,0.0,75
CBS,"RT @cbsallaccess: Executive Producer of Tell Me A Story, @kevwilliamson, says ""What I like about the show, there‚Äôs nothing else on TV like‚Ä¶",Mon Aug 06 00:20:55 +0000 2018,0.3612,0.111,0.889,0.0,76
CBS,RT @TheNeighborhood: Feel the love in this new teaser for #TheNeighborhood from the #CBS #TCA18! ü§ó https://t.co/rPmCozH5XP,Mon Aug 06 00:07:38 +0000 2018,0.7424,0.3,0.617,0.082,77
CBS,RT @TheNeighborhood: Find out why Cedric the Entertainer and the cast think #TheNeighborhood is the kind of show that everyone can relate t‚Ä¶,Mon Aug 06 00:02:58 +0000 2018,0.3818,0.106,0.894,0.0,78
CBS,That's all for our #CBS #TCA18 panels! Tune in this fall to watch all your favorite new shows. üôå https://t.co/hM85o9eRi8,Mon Aug 06 00:02:02 +0000 2018,0.5093,0.141,0.859,0.0,79
CBS,"RT @MagnumPICBS: ""If there was ever a time to bring back #MagnumPI, it's now."" - @PLenkov 
#CBS #TCA2018",Sun Aug 05 23:58:41 +0000 2018,0.0,0.0,1.0,0.0,80
CBS,"RT @MagnumPICBS: ""There are a lot of easter eggs from the original that fans from the original series will love, and they're peppered throu‚Ä¶",Sun Aug 05 23:44:39 +0000 2018,0.8316,0.306,0.694,0.0,81
CBS,"RT @MagnumPICBS: ""What we are trying to do is introduce the show to a new audience...it's going to open it up for anyone that's new and the‚Ä¶",Sun Aug 05 23:41:21 +0000 2018,0.0,0.0,1.0,0.0,82
CBS,"RT @MagnumPICBS: ""This has been my white whale since I was a kid. I always loved #MagnumPI. Putting words in Magnum's mouth is something I'‚Ä¶",Sun Aug 05 23:35:49 +0000 2018,0.5994,0.157,0.843,0.0,83
CBS,RT @MagnumPICBS: It's #MagnumPI time at the #CBS #TCA2018! Follow along as we live tweet the panel!,Sun Aug 05 23:35:46 +0000 2018,0.0,0.0,1.0,0.0,84
CBS,RT @happytogether: Thanks for following along! That concludes the #HappyTogether panel at the #CBS #TCA2018! @MagnumPICBS is up next!,Sun Aug 05 23:16:25 +0000 2018,0.5826,0.173,0.827,0.0,85
CBS,"RT @happytogether: Question: Even though you're not playing @Harry_Styles, did you do a Harry crash course?
@itsfelixwot: Absolutely not. C‚Ä¶",Sun Aug 05 23:12:39 +0000 2018,-0.5093,0.0,0.798,0.202,86
CBS,"RT @happytogether: ""The show is about marriage, it's about getting a bit older, it's about youthfulness, it's about something happening and‚Ä¶",Sun Aug 05 23:10:20 +0000 2018,0.0,0.0,1.0,0.0,87
CBS,"RT @happytogether: ""It's always good to have a little bit of truth in whatever you're making.""- @wayansjr 

#HappyTogether #CBS #TCA2018",Sun Aug 05 23:05:58 +0000 2018,0.6041,0.225,0.775,0.0,88
CBS,"RT @happytogether: ""I thought I was still young and cool until I met @itsfelixwot!"" -@AmberoniStevens #HappyTogether #CBS #TCA2018",Sun Aug 05 23:01:25 +0000 2018,0.3802,0.147,0.853,0.0,89
CBS,"RT @happytogether: ""We never wanted to create a show where people think ""Oh, did @Harry_Styles do that?"" -@benwinston on emphasizing that #‚Ä¶",Sun Aug 05 22:58:41 +0000 2018,-0.2057,0.0,0.917,0.083,90
CBS,RT @happytogether: .@wayansjr is quick to point out that the characters in #HappyTogether are fictional. #CBS #TCA2018,Sun Aug 05 22:58:36 +0000 2018,0.0,0.0,1.0,0.0,91
CBS,"RT @happytogether: ""@Harry_Styles became part of the family. We didn't want him to move out."" -@benwinston #CBS #HappyTogether #TCA18",Sun Aug 05 22:53:12 +0000 2018,-0.0572,0.0,0.936,0.064,92
CBS,"RT @happytogether: ""It's about Cooper who wants nothing but normality and a boring life, and Jake and Claire, who want more excitement."" -@‚Ä¶",Sun Aug 05 22:52:24 +0000 2018,-0.3612,0.059,0.82,0.121,93
CBS,"RT @happytogether: ""It's loosely inspired (by the time @Harry_Styles lived with @benwinston), because if we put what actually happened on t‚Ä¶",Sun Aug 05 22:49:06 +0000 2018,0.4939,0.138,0.862,0.0,94
CBS,RT @happytogether: It's time for the #HappyTogether panel at the #CBS #TCA18! Follow along here!,Sun Aug 05 22:46:49 +0000 2018,0.0,0.0,1.0,0.0,95
CBS,RT @GodFriendedMe: Thanks for following along during the #GodFriendedMe panel at #CBS #TCA18‚Äî@HappyTogether is up next!,Sun Aug 05 22:32:37 +0000 2018,0.4926,0.175,0.825,0.0,96
CBS,"RT @GodFriendedMe: ""You don't have to believe in God to believe in good."" üôå@JOEtheMORTON¬†#GodFriendedMe #CBS",Sun Aug 05 22:32:30 +0000 2018,0.2732,0.123,0.877,0.0,97
CBS,RT @GodFriendedMe: ‚ÄúIt‚Äôs incredibly important to us that we‚Äôre not a show that‚Äôs preachy or judgmental. Whether you believe or don‚Äôt believ‚Ä¶,Sun Aug 05 22:16:36 +0000 2018,0.2716,0.095,0.905,0.0,98
CBS,"RT @GodFriendedMe: ""Our feet are on the ground. Our characters are not angels, they‚Äôre not heavenly, they‚Äôre just real people. The 'opposin‚Ä¶",Sun Aug 05 22:16:29 +0000 2018,-0.4973,0.0,0.867,0.133,99
CBS,RT @GodFriendedMe: Follow along with us as we live-tweet the #GodFriendedMe panel at #CBS #TCA18 with stars @hall_m_brandon @violettbeane @‚Ä¶,Sun Aug 05 22:16:19 +0000 2018,0.0,0.0,1.0,0.0,100
CNN,"JUST IN: Elon Musk agrees to pay $20 million and quit as Tesla chairman in deal with SEC
https://t.co/SIweOPR39g https://t.co/fluv7kgynH",Sat Sep 29 22:00:10 +0000 2018,0.1027,0.085,0.849,0.066,1
CNN,"Meet the ""Hurricane Cowboy"" who's rescuing animals in Florence's aftermath https://t.co/RkgzcXnl3A https://t.co/KgBHD2Pnbk",Sat Sep 29 22:00:07 +0000 2018,0.0,0.0,1.0,0.0,2
CNN,Alyssa Milano says that while it was difficult to be in the room when Brett Kavanaugh and Christine Blasey Ford tes‚Ä¶ https://t.co/dBXUbdEekE,Sat Sep 29 21:46:03 +0000 2018,-0.3612,0.0,0.894,0.106,3
CNN,Jeff Flake's moment: How a reliable conservative cast Brett Kavanaugh's Supreme Court confirmation into doubt‚Ä¶ https://t.co/wAvxOyw2ul,Sat Sep 29 21:28:04 +0000 2018,0.5574,0.205,0.795,0.0,4
CNN,Watch a rare gulper eel change its shape right before your eyes -- a unique method it uses to intimidate predators‚Ä¶ https://t.co/HgiqqNBfto,Sat Sep 29 21:14:21 +0000 2018,-0.2023,0.0,0.913,0.087,5
CNN,"The FBI has reached out to Deborah Ramirez, who has accused Brett Kavanaugh of inappropriate sexual behavior when t‚Ä¶ https://t.co/WEbuyKazm7",Sat Sep 29 21:00:10 +0000 2018,-0.2023,0.065,0.833,0.102,6
CNN,Why the world's leaders may regret laughing at Donald Trump | By Nic Robertson for @CNNOpinion‚Ä¶ https://t.co/OSqC3AWTmf,Sat Sep 29 20:31:05 +0000 2018,0.1027,0.16,0.7,0.14,7
CNN,"""What is... yes?"" A ""Jeopardy!"" contestant surprised his girlfriend with a marriage proposal https://t.co/65FSnOOE7M https://t.co/O5nJzZCYM8",Sat Sep 29 20:00:31 +0000 2018,0.2942,0.154,0.846,0.0,8
CNN,"Ciham Ali Ahmed was imprisoned at 15 years old. Now six years later, her family says they don't know where she is o‚Ä¶ https://t.co/07xI3uUH7M",Sat Sep 29 19:31:06 +0000 2018,-0.4588,0.0,0.885,0.115,9
CNN,"It‚Äôs a devastating scene, and the reality of so many parents addicted to drugs. @lisaling gives us a heartbreaking‚Ä¶ https://t.co/sXEhUoMmu6",Sat Sep 29 19:00:30 +0000 2018,-0.6486,0.0,0.798,0.202,10
CNN,Only these 8 states require sex education classes to mention consent https://t.co/iEMukcvLni https://t.co/tSeUG8ez0x,Sat Sep 29 18:31:05 +0000 2018,0.2263,0.147,0.853,0.0,11
CNN,"Called ""The Passion Diamond Shoes"", these gold and diamond-encrusted stilettos are believed to be the world's most‚Ä¶ https://t.co/zjDnYO6jGI",Sat Sep 29 18:00:36 +0000 2018,0.6597,0.252,0.748,0.0,12
CNN,"She learned to swim at age 50 and now has 271 medals. Oh, and she's blind. https://t.co/sSLpHYEdqC https://t.co/5iguBTXFez",Sat Sep 29 17:30:38 +0000 2018,-0.4019,0.0,0.863,0.137,13
CNN,"Two police officers were killed in a shootout early Saturday in Brookhaven, Mississippi, a state official said. https://t.co/sWEwLdiMHf",Sat Sep 29 17:20:08 +0000 2018,-0.6705,0.0,0.769,0.231,14
CNN,"A 33-year-old vet went to the VA for help. Hours later, he took his own life. https://t.co/Fv9cfLdrE9",Sat Sep 29 16:30:13 +0000 2018,0.4019,0.153,0.847,0.0,15
CNN,At least 384 are dead and hundreds injured after a tsunami and earthquake in Indonesia https://t.co/6QMEFJopLb https://t.co/IYCYKfCIUU,Sat Sep 29 16:00:10 +0000 2018,-0.7906,0.0,0.667,0.333,16
CNN,"Leland Ingham Keyser, a friend of Christine Blasey Ford, is not refuting Ford's allegation and will cooperate with‚Ä¶ https://t.co/TJafi07Kia",Sat Sep 29 15:46:07 +0000 2018,0.4939,0.158,0.842,0.0,17
CNN,Typhoon Trami is unleashing heavy winds and rain on southern Japan as it slowly marches toward the nation's main is‚Ä¶ https://t.co/6mrQrfOpXW,Sat Sep 29 15:17:19 +0000 2018,0.0,0.0,1.0,0.0,18
CNN,"A Mediterranean diet -- rich in vegetables, fruits, nuts and fish -- could help lower a person's risk of depression‚Ä¶ https://t.co/qsWWdCkbp1",Sat Sep 29 14:01:06 +0000 2018,0.1779,0.234,0.52,0.245,19
CNN,Shockwaves from the massive bombing raids during World War II reached the edge of space and weakened the Earth's up‚Ä¶ https://t.co/8KgMQNawGx,Sat Sep 29 13:46:06 +0000 2018,-0.7003,0.055,0.703,0.242,20
CNN,Former presidential candidate Hillary Clinton made a surprise appearance in the first episode of the 'Murphy Brown'‚Ä¶ https://t.co/4LW4920YfF,Sat Sep 29 13:31:00 +0000 2018,0.2732,0.116,0.884,0.0,21
CNN,"Is Emmanuel Macron the new Tony Blair -- lauded abroad, mocked at home? | Analysis by CNN's Melissa Bell‚Ä¶ https://t.co/Qss2RgsvMs",Sat Sep 29 13:16:03 +0000 2018,-0.3182,0.0,0.887,0.113,22
CNN,"A dog lost part of her skull to cancer, so researchers 3D-printed a plate to replace it https://t.co/SxpvzKORbT https://t.co/UESQOryY0Y",Sat Sep 29 13:01:12 +0000 2018,-0.7717,0.0,0.691,0.309,23
CNN,"""Millions of Americans could follow live something that looked like a search for truth, but only on the surface. ..‚Ä¶ https://t.co/nAkVIZdR96",Sat Sep 29 12:46:06 +0000 2018,0.34,0.159,0.841,0.0,24
CNN,A long-lost warship has been discovered off the coast of China after an extensive hunt to track down relics from fr‚Ä¶ https://t.co/NLz9VFBdx5,Sat Sep 29 12:31:00 +0000 2018,-0.1779,0.0,0.922,0.078,25
CNN,One of the women who confronted Sen. Jeff Flake in a Capitol elevator Friday said she hopes other Republican senato‚Ä¶ https://t.co/GL6sJnfjpG,Sat Sep 29 12:16:05 +0000 2018,0.25,0.124,0.796,0.08,26
CNN,"Instagram-friendly food. Yes, please. #NoFilter. Travel to Asturias, Spain on an all-new #PartsUnknown, Sunday at 9‚Ä¶ https://t.co/4uAoNu4idr",Sat Sep 29 12:00:24 +0000 2018,0.6124,0.25,0.75,0.0,27
CNN,Jeff Flake's moment: How a reliable conservative cast Brett Kavanaugh's Supreme Court confirmation into doubt‚Ä¶ https://t.co/DIRC09z8tk,Sat Sep 29 11:46:03 +0000 2018,0.5574,0.205,0.795,0.0,28
CNN,Meet DJ Switch: A 10-year-old girl from Ghana who wants to be a gynecologist when she grows up. Erica Armah Bra-Bul‚Ä¶ https://t.co/PyxMF661f6,Sat Sep 29 11:31:00 +0000 2018,0.0,0.0,1.0,0.0,29
CNN,An American flag shown on a livestream as it was shredded by the fury of Hurricane Florence is being auctioned to h‚Ä¶ https://t.co/8WsJqWsBnN,Sat Sep 29 11:16:02 +0000 2018,-0.5719,0.0,0.85,0.15,30
CNN,Cutting-edge research on an ancient mummy shows that Egyptians were embalming bodies in prehistoric times https://t.co/GwmUQHSQW0,Sat Sep 29 11:01:05 +0000 2018,0.0,0.0,1.0,0.0,31
CNN,This Ohio town celebrated Christmas a few months early this year for a 2-year-old with brain cancer‚Ä¶ https://t.co/FIO0Ia2eWO,Sat Sep 29 11:01:00 +0000 2018,0.5719,0.198,0.802,0.0,32
CNN,"An estimated 80,000 Americans died of flu and its complications last winter, the CDC says, making it the deadliest‚Ä¶ https://t.co/S9vUosYzPB",Sat Sep 29 10:46:02 +0000 2018,-0.7351,0.0,0.744,0.256,33
CNN,SiriusXM is buying Pandora in a $3.5 billion all-stock deal. The deal will create the world's largest audio enterta‚Ä¶ https://t.co/pBImRwJDun,Sat Sep 29 10:31:00 +0000 2018,0.2732,0.104,0.896,0.0,34
CNN,4-year-old Florence didn't like sharing her name with a bad hurricane. So she did something about it.‚Ä¶ https://t.co/xyubP5kQJJ,Sat Sep 29 10:16:23 +0000 2018,-0.7871,0.0,0.638,0.362,35
CNN,"A newly discovered dinosaur species that's believed to have weighed 26,000 pounds was the largest land animal of it‚Ä¶ https://t.co/9ECuIOr32E",Sat Sep 29 10:01:03 +0000 2018,0.0,0.0,1.0,0.0,36
CNN,A health crisis turned this Trump voter into a Democrat supporter https://t.co/6fbxhN0Gq3 https://t.co/Pa6ykEVDGy,Sat Sep 29 09:46:06 +0000 2018,-0.4588,0.138,0.592,0.27,37
CNN,"This 7-year-old girl wowed a crowd with a stunning rendition of the ""Star-Spangled Banner"" https://t.co/pSUda8DlDK",Sat Sep 29 09:31:00 +0000 2018,0.7351,0.36,0.64,0.0,38
CNN,"Researchers used a gene editing tool to wipe out a population of malaria-carrying mosquitoes in a lab, raising the‚Ä¶ https://t.co/8CBwo1R2MV",Sat Sep 29 09:16:04 +0000 2018,0.0,0.0,1.0,0.0,39
CNN,Here's what Jeff Flake just did -- and what it means for Brett Kavanaugh | Analysis by @CillizzaCNN‚Ä¶ https://t.co/JCySrc71ZI,Sat Sep 29 09:01:04 +0000 2018,0.0,0.0,1.0,0.0,40
CNN,Tom Hanks is ready to be your neighbor -- as Mister Rogers in an upcoming and as-yet-untitled film about the childr‚Ä¶ https://t.co/7eSkMCA6HC,Sat Sep 29 08:46:05 +0000 2018,0.3612,0.106,0.894,0.0,41
CNN,Rescuers scrambled to find survivors after a powerful earthquake hit the Indonesian island of Sulawesi and triggere‚Ä¶ https://t.co/7RA9NcPQgT,Sat Sep 29 08:32:00 +0000 2018,0.4215,0.149,0.851,0.0,42
CNN,Watch a rare gulper eel change its shape right before your eyes -- a unique method it uses to intimidate predators‚Ä¶ https://t.co/nzC3Cnofq9,Sat Sep 29 08:31:00 +0000 2018,-0.2023,0.0,0.913,0.087,43
CNN,The first case of rat hepatitis E has been discovered in a human https://t.co/lvjXReLtiT https://t.co/lX83xliAkt,Sat Sep 29 08:16:02 +0000 2018,0.0,0.0,1.0,0.0,44
CNN,"He was the only one in his family to survive the Holocaust, and he's pushing Oregon state legislators to mandate th‚Ä¶ https://t.co/WzvGKIqO9Q",Sat Sep 29 08:01:06 +0000 2018,0.0,0.0,1.0,0.0,45
CNN,"With six months to go before Britain formally leaves the European Union, Brexit has never looked more baffling | An‚Ä¶ https://t.co/LyMCpo7ZsR",Sat Sep 29 07:46:06 +0000 2018,0.0,0.0,1.0,0.0,46
CNN,"She learned to swim at age 50 and now has 271 medals. Oh, and she's blind. https://t.co/6aE9ZfLp25 https://t.co/enpatLCJkN",Sat Sep 29 07:31:00 +0000 2018,-0.4019,0.0,0.863,0.137,47
CNN,"China challenges Trump, saying the country will not be ""blackmailed or yield to pressure"" on trade‚Ä¶ https://t.co/gioWFMYrzQ",Sat Sep 29 07:16:06 +0000 2018,-0.2263,0.07,0.811,0.119,48
CNN,Residents in a community north of St. Louis got some news this week they've long wanted to hear. Radioactive materi‚Ä¶ https://t.co/iKftNAfkCR,Sat Sep 29 07:06:02 +0000 2018,0.0,0.0,1.0,0.0,49
CNN,"Scientists may have uncovered an entire new whale species that lived millions of years ago. 

Bones found at a land‚Ä¶ https://t.co/CPEci8kHtP",Sat Sep 29 07:01:07 +0000 2018,0.0,0.0,1.0,0.0,50
CNN,Alexandria Ocasio-Cortez and Bernie Sanders are two of the biggest names in Democratic politics. Watch The Point wi‚Ä¶ https://t.co/LU0hTZLkS6,Sat Sep 29 06:46:02 +0000 2018,0.0,0.0,1.0,0.0,51
CNN,"Called ""The Passion Diamond Shoes"", these gold and diamond-encrusted stilettos are believed to be the world's most‚Ä¶ https://t.co/SlWbYMBAVM",Sat Sep 29 06:31:00 +0000 2018,0.6597,0.252,0.748,0.0,52
CNN,Federal prosecutors will seek the death penalty against the suspect in New York's deadliest terror incident since 9‚Ä¶ https://t.co/ThwUJ8LqTj,Sat Sep 29 06:21:01 +0000 2018,-0.91,0.0,0.545,0.455,53
CNN,"76% percent of registered voters say that Supreme Court appointments are ""very important"" to their vote in 2018, a‚Ä¶ https://t.co/nFA4qx6dBP",Sat Sep 29 06:16:04 +0000 2018,0.6901,0.24,0.76,0.0,54
CNN,"""I wanted him to be a hero,"" says one of the women who confronted Arizona Sen. Jeff Flake in a Capitol elevator https://t.co/lmupJy9O9D",Sat Sep 29 06:06:04 +0000 2018,-0.2023,0.0,0.917,0.083,55
CNN,"Ted Turner is battling Lewy body dementia, the CNN founder revealed in an interview that will air over the weekend‚Ä¶ https://t.co/lujykXCSWx",Sat Sep 29 06:01:05 +0000 2018,-0.2732,0.0,0.905,0.095,56
CNN,"A woman who's paralyzed from the chest down can now consciously control her ability to walk, researchers say, thank‚Ä¶ https://t.co/6Ok6iqysN1",Sat Sep 29 06:01:00 +0000 2018,0.3182,0.113,0.887,0.0,57
CNN,US elections observers in a fiercely-contested state governor election in Nigeria say they witnessed what appeared‚Ä¶ https://t.co/bJkSuLEhuW,Sat Sep 29 05:53:02 +0000 2018,0.0,0.0,1.0,0.0,58
CNN,Stepping into this Seoul cafe feels like entering the black-and-white world of a cartoon https://t.co/fKJfO91Bp0 vi‚Ä¶ https://t.co/pX1D1hCjb7,Sat Sep 29 05:46:02 +0000 2018,0.3612,0.143,0.857,0.0,59
CNN,300 glowing drones illuminate the night sky in this choreographed spectacle https://t.co/B2RhWYaYzt https://t.co/u55NzjyaCD,Sat Sep 29 05:46:00 +0000 2018,0.0,0.0,1.0,0.0,60
CNN,Watch a seal slap a kayaker in the face -- with an octopus: https://t.co/o5zJ8GhVv8 https://t.co/DpY14vwL6v,Sat Sep 29 05:31:00 +0000 2018,0.1531,0.118,0.882,0.0,61
CNN,"‚ÄúI am tired of the daily chaos, the pettiness, the meanness that too often dominates the political discourse. We al‚Ä¶ https://t.co/QvRbz5c5qZ",Sat Sep 29 05:27:37 +0000 2018,-0.7506,0.047,0.698,0.256,62
CNN,Half of the world's killer whales could be wiped out before the end of the century -- and it's because of pollution‚Ä¶ https://t.co/rAgxDbsEJ6,Sat Sep 29 05:16:07 +0000 2018,-0.6486,0.0,0.837,0.163,63
CNN,At least 48 people are dead and more than 350 injured after a series of earthquakes and a tsunami hit the Indonesia‚Ä¶ https://t.co/RwzaqL0XIV,Sat Sep 29 05:03:25 +0000 2018,-0.8055,0.0,0.723,0.277,64
CNN,"Limiting kids' recreational screen time to less than 2 hours a day, along with sufficient sleep and physical activi‚Ä¶ https://t.co/iRAX2JJTQD",Sat Sep 29 05:01:08 +0000 2018,0.0,0.0,1.0,0.0,65
CNN,11 state lawmakers in Maryland have asked Montgomery County law enforcement officials to investigate the 36-year-ol‚Ä¶ https://t.co/uTbEB6D1nr,Sat Sep 29 04:51:05 +0000 2018,0.0,0.0,1.0,0.0,66
CNN,A half-hearted cheer for Jeff Flake | By Noah Berlatsky via @CNNOpinion https://t.co/3kHtzmYg4O https://t.co/YGFg5fMJm1,Sat Sep 29 04:46:06 +0000 2018,0.5106,0.231,0.769,0.0,67
CNN,"""What is... yes?"" A ""Jeopardy!"" contestant surprised his girlfriend with a marriage proposal https://t.co/tey6M6LEfv https://t.co/qTnnGcWILe",Sat Sep 29 04:31:00 +0000 2018,0.2942,0.154,0.846,0.0,68
CNN,"Two young children died in separate incidents after being left alone in hot cars Friday in Florida, police said‚Ä¶ https://t.co/6aeNr8t73L",Sat Sep 29 04:16:02 +0000 2018,-0.6808,0.0,0.763,0.237,69
CNN,"LeBron James' HBO documentary ""Student Athlete"" indicts the NCAA | By CNN's Brian Lowry 
 https://t.co/VDeFOmjHcf https://t.co/MDLnHlRiKD",Sat Sep 29 03:46:05 +0000 2018,0.0,0.0,1.0,0.0,70
CNN,Jeff Flake's moment: How a reliable conservative cast Brett Kavanaugh's Supreme Court confirmation into doubt‚Ä¶ https://t.co/RYoI1Yd4i8,Sat Sep 29 03:31:05 +0000 2018,0.5574,0.205,0.795,0.0,71
CNN,"This part of the brain holds the key to Ford's memory | By Robert M. Sapolsky, a professor of biology, neurology an‚Ä¶ https://t.co/NOTPOuOOua",Sat Sep 29 03:16:06 +0000 2018,0.0,0.0,1.0,0.0,72
CNN,"RT @CNNTonight: Samantha Guerry says her longtime friend, Christine Blasey Ford says ""there's [political] agendas on both sides. The one pe‚Ä¶",Sat Sep 29 03:05:07 +0000 2018,0.4939,0.138,0.862,0.0,73
CNN,Israeli Prime Minister Benjamin Netanyahu would not commit to a two-state solution to Israel's ongoing conflict wit‚Ä¶ https://t.co/GIHnLu5tfK,Sat Sep 29 03:01:09 +0000 2018,-0.2235,0.112,0.683,0.204,74
CNN,An American flag shown on a livestream as it was shredded by the fury of Hurricane Florence is being auctioned to h‚Ä¶ https://t.co/EE4Y8denkj,Sat Sep 29 02:56:17 +0000 2018,-0.5719,0.0,0.85,0.15,75
CNN,"RT @CuomoPrimeTime: .@chriscuomo on a surprising end to a turbulent week: 

If senators could make something happen on an issue so ugly and‚Ä¶",Sat Sep 29 02:53:08 +0000 2018,-0.4838,0.083,0.75,0.167,76
CNN,"RT @CNNTonight: Samantha Guerry, a longtime friend of Christine Blasey Ford tells CNN's @DonLemon that the order for the FBI to investigate‚Ä¶",Sat Sep 29 02:52:50 +0000 2018,0.4939,0.138,0.862,0.0,77
CNN,"Washington's wild, unresolved week https://t.co/f79x6WHY6u https://t.co/W16MFofw5O",Sat Sep 29 02:46:07 +0000 2018,0.0,0.0,1.0,0.0,78
CNN,Residents in a community north of St. Louis got some news this week they've longed wanted to hear. Radioactive mate‚Ä¶ https://t.co/qCT8VjWfF0,Sat Sep 29 02:31:02 +0000 2018,0.0,0.0,1.0,0.0,79
CNN,"""Millions of Americans could follow live something that looked like a search for truth, but only on the surface. ..‚Ä¶ https://t.co/81quaeom0L",Sat Sep 29 02:16:07 +0000 2018,0.34,0.159,0.841,0.0,80
CNN,"RT @OutFrontCNN: Deborah Ford Peters, Christine Blasey Ford's sister-in-law on Kavanaugh: ""I felt like he was extremely defensive even to t‚Ä¶",Sat Sep 29 02:14:20 +0000 2018,0.4391,0.17,0.83,0.0,81
CNN,"A federal judge in Washington, DC, ruled that a lawsuit brought by more than 200 Democrats in Congress against Pres‚Ä¶ https://t.co/R7e0jYZGYY",Sat Sep 29 02:01:09 +0000 2018,-0.2263,0.0,0.905,0.095,82
CNN,Meet DJ Switch: A 10-year-old girl from Ghana who wants to be a gynecologist when she grows up. Erica Armah Bra-Bul‚Ä¶ https://t.co/YKb5O9WgfJ,Sat Sep 29 02:01:00 +0000 2018,0.0,0.0,1.0,0.0,83
CNN,RT @CuomoPrimeTime: Democrat @ChrisCoons describes the dramatic private conversation he had with Sen. Flake leading to an agreement for an‚Ä¶,Sat Sep 29 01:59:49 +0000 2018,0.4939,0.144,0.856,0.0,84
CNN,"RT @CuomoPrimeTime: Former Yale classmate of Brett Kavanaugh, Liz Swisher, describes him as ‚Äúone of the beer drinking boys,‚Äù saying she nev‚Ä¶",Sat Sep 29 01:59:30 +0000 2018,0.0,0.0,1.0,0.0,85
CNN,"Ted Turner is battling Lewy body dementia, the CNN founder revealed in an interview that will air over the weekend‚Ä¶ https://t.co/8im8iY4DQf",Sat Sep 29 01:53:03 +0000 2018,-0.2732,0.0,0.905,0.095,86
CNN,The last abortion clinic in Kentucky can stay open after a federal judge threw out a state law on licensing agreeme‚Ä¶ https://t.co/O66Qb5GYLf,Sat Sep 29 01:49:50 +0000 2018,0.0,0.0,1.0,0.0,87
CNN,"At least one person died and 10 were injured, according to Indonesia's Disaster Management Agency, after a series o‚Ä¶ https://t.co/JcvcWBAGNM",Sat Sep 29 01:45:46 +0000 2018,-0.886,0.0,0.606,0.394,88
CNN,"He was the only one in his family to survive the Holocaust, and he's pushing Oregon state legislators to mandate th‚Ä¶ https://t.co/m8GZOV5qml",Sat Sep 29 01:41:05 +0000 2018,0.0,0.0,1.0,0.0,89
CNN,300 glowing drones illuminate the night sky in this choreographed spectacle https://t.co/B2RhWXTnHV https://t.co/z279VXXjjS,Sat Sep 29 01:36:00 +0000 2018,0.0,0.0,1.0,0.0,90
CNN,McDonald's is removing artificial additives from its burgers https://t.co/XiawloGSkD https://t.co/WPCdJlq4pS,Sat Sep 29 01:31:06 +0000 2018,0.0,0.0,1.0,0.0,91
CNN,SiriusXM is buying Pandora in a $3.5 billion all-stock deal. The deal will create the world's largest audio enterta‚Ä¶ https://t.co/ttyGjlJI28,Sat Sep 29 01:26:00 +0000 2018,0.2732,0.104,0.896,0.0,92
CNN,Democrats seize on circumstantial July 1 theory for Kavanaugh and Ford | Analysis by CNN's Z. Byron Wolf‚Ä¶ https://t.co/20chDzhvrO,Sat Sep 29 01:21:03 +0000 2018,0.0,0.0,1.0,0.0,93
CNN,"Marty Balin, singer and co-founder of the '60s psychedelic rock band Jefferson Airplane, has died at age 76, his pu‚Ä¶ https://t.co/MntdXj1Rjr",Sat Sep 29 01:20:05 +0000 2018,-0.5574,0.0,0.847,0.153,94
CNN,"""I am sick of all the chaos and the nastiness of our politics. It's exhausting, and frankly, it's depressing."" Form‚Ä¶ https://t.co/iJotSt3dbH",Sat Sep 29 01:16:27 +0000 2018,-0.891,0.0,0.594,0.406,95
CNN,"RT @AC360: Democrat @SenBlumenthal describes an almost ""sigh of relief"" that followed Sen. Flake's compromise, which he said may have avoid‚Ä¶",Sat Sep 29 01:13:19 +0000 2018,0.3906,0.123,0.825,0.052,96
CNN,A study of 10th graders in southern California found that 61.7% of those who had used cannabis had tried at least t‚Ä¶ https://t.co/ojo5q6NF5D,Sat Sep 29 01:10:08 +0000 2018,0.0,0.0,1.0,0.0,97
CNN,"Ana Maria Archila, one of two women who confronted Sen. Jeff Flake in an elevator, says she felt she had a message‚Ä¶ https://t.co/clYvGZVMjK",Sat Sep 29 01:07:40 +0000 2018,-0.2023,0.0,0.921,0.079,98
CNN,Scottish brewery BrewDog has canceled a series of planned events with US brewery Scofflaw over a Trump-related prom‚Ä¶ https://t.co/2H0XFdW75m,Sat Sep 29 01:01:02 +0000 2018,0.0,0.0,1.0,0.0,99
CNN,RT @AC360: Democratic @SenGillibrand tells @andersoncooper it was a ‚Äúday of hope‚Äù for many women and proof the ‚Äúpower of the #MeToo moment‚Äù‚Ä¶,Sat Sep 29 00:57:49 +0000 2018,0.0,0.0,1.0,0.0,100
Fox News,FBI contacts 2nd Kavanaugh accuser; Trump says extra scrutiny may be 'blessing in disguise' https://t.co/fhFraiQleR,Sat Sep 29 22:07:00 +0000 2018,0.296,0.176,0.714,0.11,1
Fox News,"JUST IN: Elon Musk to step down as chairman of @Tesla, pay $20M in penalties in SEC settlement. https://t.co/oBC45qnEAB",Sat Sep 29 22:05:53 +0000 2018,-0.1027,0.0,0.928,0.072,2
Fox News,SUNDAY: Fox News goes inside the Kavanaugh nomination and next steps. Tune in for live coverage starting at 9p ET. https://t.co/K7ydliMVic,Sat Sep 29 22:05:00 +0000 2018,0.0,0.0,1.0,0.0,3
Fox News,SUNDAY: Don't miss @PressSec's exclusive interview on @FoxNewsSunday. Check your local listings and tune in at 2p a‚Ä¶ https://t.co/WEQfex0AEE,Sat Sep 29 21:59:00 +0000 2018,0.0191,0.073,0.858,0.069,4
Fox News,"Season 7 of 'Last Man Standing' debuts on new network, Fox, to big Friday-night ratings. https://t.co/VIkrurfqVs",Sat Sep 29 21:52:43 +0000 2018,0.0,0.0,1.0,0.0,5
Fox News,".@POTUS: ""I would like to find out as part of [the FBI investigation] who leaked the papers."" https://t.co/fDY5XEezMK",Sat Sep 29 21:40:00 +0000 2018,0.0516,0.12,0.769,0.111,6
Fox News,".@POTUS on FBI investigation into Judge Kavanaugh: ""Having them do a thorough investigation, I actually think will‚Ä¶ https://t.co/l9N96G72yC",Sat Sep 29 21:35:00 +0000 2018,0.0,0.0,1.0,0.0,7
Fox News,".@POTUS on Kavanaugh: ""He's a good man. He's a great judge."" https://t.co/qjDPyRwY8V",Sat Sep 29 21:29:56 +0000 2018,0.7906,0.467,0.533,0.0,8
Fox News,".@POTUS on FBI investigation into Judge Kavanaugh: ""They have free rein. They're going to do whatever they have to‚Ä¶ https://t.co/7MMrhrYxXB",Sat Sep 29 21:24:58 +0000 2018,0.5106,0.148,0.852,0.0,9
Fox News,.@POTUS departs Andrews Air Force Base en route to a rally in West Virginia. Tune in to Fox News Channel for LIVE c‚Ä¶ https://t.co/FsoyIf4wqJ,Sat Sep 29 21:16:22 +0000 2018,0.0,0.0,1.0,0.0,10
Fox News,.@SteveHiltonx: Kavanaugh hearing shows divisive Democrats must be defeated before they destroy America. (via‚Ä¶ https://t.co/dQzAyuDwhp,Sat Sep 29 21:06:02 +0000 2018,-0.765,0.0,0.663,0.337,11
Fox News,"The 7.5 magnitude earthquake in Indonesia triggered a massive tsunami, leaving at least 300 dead.‚Ä¶ https://t.co/mn4rkG4MBB",Sat Sep 29 20:55:44 +0000 2018,0.0,0.0,1.0,0.0,12
Fox News,"NYC airport workers to earn nation's highest minimum wage.
https://t.co/og3aG0vfp0",Sat Sep 29 20:50:42 +0000 2018,0.0,0.0,1.0,0.0,13
Fox News,"Lindsay Lohan gets punched in the face after accusing refugee parents of trafficking, trying to take the kids. https://t.co/NnLJMQhAAL",Sat Sep 29 20:43:46 +0000 2018,-0.1779,0.0,0.914,0.086,14
Fox News,Dog in Virginia possibly 'clawed' its way out of plastic bag prior to rescue. https://t.co/gvv7K7w1K0,Sat Sep 29 20:27:13 +0000 2018,0.5106,0.191,0.809,0.0,15
Fox News,"New details: Boy, 13, attacked by shark in San Diego County during diving trip, suffers serious injuries. https://t.co/HW7WjVPreE",Sat Sep 29 20:16:08 +0000 2018,-0.7269,0.057,0.617,0.326,16
Fox News,Sen. @JeffFlake defends call for Kavanaugh delay: 'We're coming apart at the seams' https://t.co/2mhgYVqgwO,Sat Sep 29 20:00:41 +0000 2018,-0.3182,0.0,0.85,0.15,17
Fox News,Two police officers killed after shootout in Mississippi. https://t.co/rHXSCtvOQA,Sat Sep 29 19:52:00 +0000 2018,-0.6705,0.0,0.64,0.36,18
Fox News,"BREAKING: FBI contacts second Kavanaugh accuser, Deborah Ramirez, as part of newly authorized investigation. https://t.co/l52xQrtZyJ",Sat Sep 29 19:45:20 +0000 2018,0.0,0.0,1.0,0.0,19
Fox News,".@VP Mike Pence takes the stage with his son, @USMC 1st Lt. Michael Pence (left), who was among seven aviators earn‚Ä¶ https://t.co/SAsar44Tgy",Sat Sep 29 19:37:57 +0000 2018,0.0,0.0,1.0,0.0,20
Fox News,Florida woman arrested in hot-car death of 1-year-old daughter. https://t.co/Frl2V2NtRx,Sat Sep 29 19:22:40 +0000 2018,-0.7906,0.0,0.533,0.467,21
Fox News,.@JohnFund: Kavanaugh debate is exactly why our founders thought early voting was a bad idea. (via @FoxNewsOpinion) https://t.co/pcmEty1SXe,Sat Sep 29 19:09:22 +0000 2018,-0.5423,0.0,0.821,0.179,22
Fox News,North Korea agrees to dismantle nuclear site if U.S. reduces ground forces in South Korea. https://t.co/wh2tz8WlrY https://t.co/cpHr75SfxS,Sat Sep 29 18:54:21 +0000 2018,0.2023,0.101,0.899,0.0,23
Fox News,"SUNDAY: Don't miss Kentucky Gov. @MattBevin on ""Life, Liberty and Levin"" hosted by @marklevinshow. Tune in at 11p E‚Ä¶ https://t.co/s3iuLjWduD",Sat Sep 29 18:42:00 +0000 2018,0.5919,0.212,0.788,0.0,24
Fox News,"Sarah Palin's eldest son, Track, arrested on domestic violence charges, police say. https://t.co/cK8MSHsAoh",Sat Sep 29 18:40:00 +0000 2018,-0.8519,0.0,0.518,0.482,25
Fox News,Facebook announced nearly 50 million accounts were exposed during a major security breach. @Jeff_Journalist reports‚Ä¶ https://t.co/FQtuYGxQ1P,Sat Sep 29 18:30:59 +0000 2018,0.2732,0.144,0.778,0.078,26
Fox News,"Boy, 13, attacked by shark in San Diego County during diving trip, suffers serious injuries. https://t.co/HW7WjVPreE",Sat Sep 29 18:20:00 +0000 2018,-0.7269,0.063,0.58,0.357,27
Fox News,"TONIGHT: @POTUS holds a rally in Wheeling, West Virginia at 7p ET. Tune in to Fox News Channel for LIVE coverage. https://t.co/FBWGoxLf2Y",Sat Sep 29 18:14:00 +0000 2018,0.0,0.0,1.0,0.0,28
Fox News,North Korean foreign minister says country will never disarm nuclear weapons without trust in US https://t.co/qfB66jzgL3,Sat Sep 29 18:07:00 +0000 2018,-0.0762,0.126,0.733,0.141,29
Fox News,Kanye West announces his new name is 'Ye' ahead of 'SNL' appearance https://t.co/cQJMFSHF4e,Sat Sep 29 18:00:00 +0000 2018,0.0,0.0,1.0,0.0,30
Fox News,Joanna Gaines and Jenna Bush Hager attend Reese Witherspoon's book launch in Texas https://t.co/VHNMtBFdGD,Sat Sep 29 17:55:00 +0000 2018,0.0,0.0,1.0,0.0,31
Fox News,"This Texas man and his ""backup dancers"" were never out of step with each other. https://t.co/ltcHo8yDWn",Sat Sep 29 17:50:00 +0000 2018,0.0,0.0,1.0,0.0,32
Fox News,"REFRESHING: Thunder, a dog in Illinois, has upgraded from a water bowl. This clever pooch gets water straight from‚Ä¶ https://t.co/yassu7iQ3h",Sat Sep 29 17:40:00 +0000 2018,0.6597,0.252,0.748,0.0,33
Fox News,Cassidy: FBI Should Investigate Dems' Efforts to Delay Kavanaugh Confirmation https://t.co/uGQtDmZ7QV,Sat Sep 29 17:36:52 +0000 2018,-0.3182,0.0,0.813,0.187,34
Fox News,LOOK: Pelosi Calls Republicans 'Despicable' in Misleading Fundraising Email https://t.co/jkYCNrIvvN,Sat Sep 29 17:35:00 +0000 2018,-0.4019,0.0,0.769,0.231,35
Fox News,SEAL SLAP: A kayaker in New Zealand had a surprise visitor ‚Äî who smacked him with an octopus. https://t.co/Wj71D7kK8u,Sat Sep 29 17:30:00 +0000 2018,0.5319,0.24,0.76,0.0,36
Fox News,Canadian woman‚Äôs text to the wrong number brings a kind stranger to family wake https://t.co/ImY62q3sV8,Sat Sep 29 17:23:00 +0000 2018,0.1531,0.25,0.585,0.165,37
Fox News,".@MichelleObama: ‚ÄúI am tired of the daily chaos, the pettiness, the meanness that too often dominates the political‚Ä¶ https://t.co/5cx4k96pnU",Sat Sep 29 17:15:00 +0000 2018,-0.7506,0.05,0.672,0.277,38
Fox News,'Last Man Standing' star Tim Allen says it's 'nobody's business' what he thinks about politics https://t.co/PYtsqdgVqJ,Sat Sep 29 17:05:00 +0000 2018,0.0,0.0,1.0,0.0,39
Fox News,Soldier Returning from Afghanistan Surprises 5-Year-Old Daughter https://t.co/jlJ5J5F0J5,Sat Sep 29 16:58:36 +0000 2018,0.2263,0.213,0.787,0.0,40
Fox News,The U.S. Navy Blue Angels perform a dynamic aerial maneuver during the 2018 Marine Corps Air Station Miramar Air Sh‚Ä¶ https://t.co/0odXp96Nij,Sat Sep 29 16:51:00 +0000 2018,0.3818,0.12,0.88,0.0,41
Fox News,"Paralyzed patients take first steps after implant, intense rehab https://t.co/yzYR8uZuqx",Sat Sep 29 16:44:54 +0000 2018,0.0772,0.126,0.874,0.0,42
Fox News,RT @FoxBusiness: World's first flying car about to go on sale  https://t.co/SgxFQnF9g8,Sat Sep 29 16:40:32 +0000 2018,0.0,0.0,1.0,0.0,43
Fox News,RT @FoxBusiness: Americans' optimism on economy near two-decade high  https://t.co/csUQIam7xq,Sat Sep 29 16:40:11 +0000 2018,0.5423,0.28,0.72,0.0,44
Fox News,RT @FoxBusiness: Boeing wins $2.4 billion Air Force contract for new Huey helicopter https://t.co/d0edWlGE2k,Sat Sep 29 16:39:48 +0000 2018,0.5719,0.222,0.778,0.0,45
Fox News,"Critical moments for our country need real, smart coverage. That‚Äôs why for the Kavanaugh hearings, more Americans t‚Ä¶ https://t.co/WCUfEvNPzO",Sat Sep 29 16:22:51 +0000 2018,0.1027,0.123,0.773,0.105,46
Fox News,'Jeff Flake Has No Spine': Bongino Says Lawmaker 'Sold Out the GOP' With Call for Kavanaugh Probe https://t.co/kqu0nB29BS,Sat Sep 29 16:13:12 +0000 2018,-0.296,0.0,0.885,0.115,47
Fox News,"Steve Pomerantz: ‚ÄúThe FBI never reaches a conclusion, but hopefully they provide enough information within their re‚Ä¶ https://t.co/VYdcCKVW9j",Sat Sep 29 16:09:54 +0000 2018,0.5386,0.181,0.764,0.055,48
Fox News,"'It Was Heartbreaking': Friend of Kavanaugh Reacts to Hearings, FBI Probe https://t.co/tkfpfIpSav",Sat Sep 29 16:00:20 +0000 2018,0.4939,0.225,0.775,0.0,49
Fox News,SUNDAY: Don't miss @PressSec's exclusive interview on @FoxNewsSunday. Check your local listings and tune in at 2p a‚Ä¶ https://t.co/bZxOvLEosK,Sat Sep 29 15:54:35 +0000 2018,0.0191,0.073,0.858,0.069,50
Fox News,Michael Moore slams ex-wife's lawsuit as a 'smear campaign' https://t.co/Uq9cyfzNAj,Sat Sep 29 15:53:09 +0000 2018,-0.5267,0.0,0.614,0.386,51
Fox News,Maryland authorities say they'll investigate Kavanaugh -- if a victim files a complaint https://t.co/MOUtqsYuNL,Sat Sep 29 15:45:50 +0000 2018,-0.5106,0.0,0.699,0.301,52
Fox News,Amal Clooney fights to have imprisoned journalists pardoned at UN conference https://t.co/BsLmzLYxz7,Sat Sep 29 15:24:32 +0000 2018,-0.5859,0.114,0.542,0.343,53
Fox News,Joshua Rogers: I tried to help two hostages escape terrorists. Here's what happened https://t.co/lqmv8F0li1,Sat Sep 29 15:21:35 +0000 2018,-0.1779,0.238,0.541,0.222,54
Fox News,"Peter Navarro: ‚ÄúNAFTA was a tremendous, tremendous harm to this country.‚Äù https://t.co/HA7OpayWcz",Sat Sep 29 15:09:43 +0000 2018,-0.5423,0.0,0.741,0.259,55
Fox News,Peter Navarro: ‚ÄúMost of the big issues are solved with Canada. It‚Äôs a great deal for all three countries in that it‚Ä¶ https://t.co/JN060VIVzo,Sat Sep 29 15:01:25 +0000 2018,0.7351,0.237,0.763,0.0,56
Fox News,"Peter Navarro: ‚ÄúAt the end of the day, this president is not going to take a deal that‚Äôs not good for this county.‚Äù https://t.co/R48KVRd34T",Sat Sep 29 14:50:25 +0000 2018,-0.3412,0.0,0.901,0.099,57
Fox News,.@repcleaver: ‚ÄúWhat we saw yesterday was an undignified dogfight parading as a hearing.‚Äù https://t.co/AT6o6lClnR,Sat Sep 29 14:42:58 +0000 2018,0.0,0.0,1.0,0.0,58
Fox News,".@repcleaver: ‚ÄúBoth sides, Republicans and Democrats, went into the hearing saying, ‚Äòthe other side has a closed mi‚Ä¶ https://t.co/aqf5rfYE9x",Sat Sep 29 14:38:40 +0000 2018,0.0,0.0,1.0,0.0,59
Fox News,Graham says McCain's anger at Kavanaugh hearing 'would have made me look like a choir boy' https://t.co/cRKfSPBbPY,Sat Sep 29 14:26:10 +0000 2018,-0.296,0.124,0.693,0.183,60
Fox News,"TOMORROW: @benshapiro breaks down the Kavanaugh accusations, the hearings and D.C. hypocrisy on the second edition‚Ä¶ https://t.co/kJkVzzybcw",Sat Sep 29 14:13:00 +0000 2018,-0.3182,0.0,0.874,0.126,61
Fox News,.@GriffJenkins is live with the ‚ÄòFox News Update‚Äô on Facebook Watch: https://t.co/hNrB8xzepH https://t.co/Lqu82OcuQD,Sat Sep 29 14:10:11 +0000 2018,0.0,0.0,1.0,0.0,62
Fox News,Bride surprises groom with first look at his mother‚Äôs grave https://t.co/RNgniKBo89,Sat Sep 29 14:05:08 +0000 2018,-0.1779,0.141,0.667,0.193,63
Fox News,.@SteveDoocy and his new ‚ÄòThe Happy Cookbook‚Äô -- Want an instant happy place? Make a pot roast! https://t.co/Z1up344276,Sat Sep 29 14:02:17 +0000 2018,0.8398,0.391,0.609,0.0,64
Fox News,JUST IN: Two police officers dead following confrontation in Mississippi https://t.co/VYRX0Q1rmg,Sat Sep 29 13:50:27 +0000 2018,-0.765,0.0,0.577,0.423,65
Fox News,Shark in Bahamas tries eating fisherman's boat motor https://t.co/Suc975UA9b,Sat Sep 29 13:41:17 +0000 2018,0.0,0.0,1.0,0.0,66
Fox News,".@RepGoodlatte: ‚ÄúI issued a subpoena to the Justice Department, compelling them to issue the McCabe memos to the Co‚Ä¶ https://t.co/WUYJaTUAwZ",Sat Sep 29 13:31:40 +0000 2018,0.6486,0.238,0.762,0.0,67
Fox News,".@RajShah45: ‚ÄúTo reassure certain senators, the president has ordered this supplemental FBI probe.‚Äù https://t.co/akpqU5c3DU",Sat Sep 29 13:20:00 +0000 2018,0.5423,0.273,0.727,0.0,68
Fox News,".@RajShah45: ‚ÄúTo reassure certain senators, the president has ordered this supplemental FBI probe.‚Äù https://t.co/AdMpCaO0bB",Sat Sep 29 13:16:41 +0000 2018,0.5423,0.273,0.727,0.0,69
Fox News,"Wanda Sykes' Trump jokes lead to heckling, walkouts https://t.co/2QiOEGpXMd",Sat Sep 29 13:15:00 +0000 2018,0.0772,0.187,0.654,0.159,70
Fox News,RT @foxnation: Word is spreading fast about Fox Nation! Watch our new national ad and be sure to sign up for updates: https://t.co/N6LRGAVR‚Ä¶,Sat Sep 29 13:03:54 +0000 2018,0.3802,0.105,0.895,0.0,71
Fox News,"Brandon Judd: ‚ÄúOf all people that should want to secure the border, it should be the Democrats because this is a ra‚Ä¶ https://t.co/QDBnupEnrx",Sat Sep 29 12:54:43 +0000 2018,0.4019,0.156,0.844,0.0,72
Fox News,NBA legend Kobe Bryant seen helping drivers involved in car accident https://t.co/CIaC7n6J1g,Sat Sep 29 12:53:00 +0000 2018,-0.2263,0.144,0.654,0.203,73
Fox News,.@JessicaTarlov: ‚ÄúI‚Äôm happy that there will be an FBI investigation and I think that was the only responsible thing‚Ä¶ https://t.co/yyppdDLCEh,Sat Sep 29 12:41:00 +0000 2018,0.7184,0.261,0.739,0.0,74
Fox News,"SUNDAY: Don't miss Kentucky Gov. @MattBevin on ""Life, Liberty and Levin"" hosted by @marklevinshow. Tune in at 11p E‚Ä¶ https://t.co/j2GutFMnf4",Sat Sep 29 12:34:00 +0000 2018,0.5919,0.212,0.788,0.0,75
Fox News,The Miami Police Department just got the coolest cop car ever https://t.co/Y5DFlK2fqe,Sat Sep 29 12:31:44 +0000 2018,0.0,0.0,1.0,0.0,76
Fox News,"Snow leopard 'poses for selfies,' goes viral https://t.co/s0sS76Bjof",Sat Sep 29 12:12:09 +0000 2018,0.0,0.0,1.0,0.0,77
Fox News,The U.S. Navy Blue Angels perform a dynamic aerial maneuver during the 2018 Marine Corps Air Station Miramar Air Sh‚Ä¶ https://t.co/TE0c6ihcLE,Sat Sep 29 11:58:20 +0000 2018,0.3818,0.12,0.88,0.0,78
Fox News,"Man finds Mississippi governor's wedding ring in 'old couch' decades after it went missing, gov says https://t.co/JaF2wOom5T",Sat Sep 29 11:43:10 +0000 2018,-0.296,0.0,0.879,0.121,79
Fox News,.@dbongino: ‚ÄúJeff Flake has no spine.‚Äù https://t.co/eqzclyVtuP,Sat Sep 29 11:31:03 +0000 2018,-0.296,0.0,0.732,0.268,80
Fox News,"House Republicans vote to release Russia probe transcripts, plan subpoena for Fusion GPS co-founder https://t.co/wtP0ad8zmC",Sat Sep 29 11:26:07 +0000 2018,0.0,0.0,1.0,0.0,81
Fox News,OPINION: @newtgingrich: Is there even one Democrat decent enough or disgusted enough to end this Kavanaugh travesty? https://t.co/JsEk43UmAV,Sat Sep 29 11:19:54 +0000 2018,-0.7964,0.0,0.693,0.307,82
Fox News,Carrie Severino: ‚ÄúThe great thing that happened yesterday is Judge Kavanaugh one step closer to confirmation to the‚Ä¶ https://t.co/4Anq3V5IkM,Sat Sep 29 11:14:46 +0000 2018,0.6249,0.186,0.814,0.0,83
Fox News,'Last Man Standing' star Tim Allen says it's 'nobody's business' what he thinks about politics https://t.co/dslX7wNPS0,Sat Sep 29 11:03:47 +0000 2018,0.0,0.0,1.0,0.0,84
Fox News,Photo of Teens Standing for Anthem Outside Football Stadium Goes Viral https://t.co/EiyPTKKDUs,Sat Sep 29 10:49:09 +0000 2018,0.0,0.0,1.0,0.0,85
Fox News,Bar Association asks to delay Brett Kavanaugh vote until FBI investigates https://t.co/rrNC2BT4ye,Sat Sep 29 10:45:03 +0000 2018,-0.3182,0.0,0.827,0.173,86
Fox News,".@MichelleObama: ‚ÄúI am tired of the daily chaos, the pettiness, the meanness that too often dominates the political‚Ä¶ https://t.co/eYZpi7WuCu",Sat Sep 29 10:40:12 +0000 2018,-0.7506,0.05,0.672,0.277,87
Fox News,"California governor signs bill to raise age requirement to 21 for purchase of rifles, shotguns https://t.co/Du85yvA99O",Sat Sep 29 10:34:02 +0000 2018,0.0,0.0,1.0,0.0,88
Fox News,"Marty Balin, who co-founded Jefferson Airplane, dies at 76 https://t.co/UIR3vzwHmb",Sat Sep 29 10:20:44 +0000 2018,0.0,0.0,1.0,0.0,89
Fox News,Democrats get judge's OK to argue President @realDonaldTrump violated Constitution over 'gifts' from foreign govern‚Ä¶ https://t.co/rLT1C2t3OS,Sat Sep 29 10:05:00 +0000 2018,-0.4342,0.135,0.598,0.267,90
Fox News,"Mom of Meighan Cordie, who died after jumping from car, left holes in missing person report: prosecutor‚Ä¶ https://t.co/RSR5HUMNf9",Sat Sep 29 09:58:00 +0000 2018,-0.7003,0.0,0.734,0.266,91
Fox News,Naval Aircrewman 2nd Class Tanner Brown aboard an MH-60S Sea Hawk helicopter during a vertical replenishment-at-sea‚Ä¶ https://t.co/cfbRyiHjZQ,Sat Sep 29 09:51:00 +0000 2018,0.0258,0.068,0.932,0.0,92
Fox News,SEAL SLAP: A kayaker in New Zealand had a surprise visitor ‚Äî who smacked him with an octopus. https://t.co/6rU7Cmc8lo,Sat Sep 29 09:44:00 +0000 2018,0.5319,0.24,0.76,0.0,93
Fox News,Man accused of slugging 90-year-old woman is released from jail due to overcrowding https://t.co/P88fpUmgMj,Sat Sep 29 09:37:00 +0000 2018,-0.296,0.0,0.855,0.145,94
Fox News,".@ChrisStirewalt on Kavanaugh investigation: ""[GOP] are left again with the chance, something they hoped for from t‚Ä¶ https://t.co/P7BTAlyPjs",Sat Sep 29 09:30:00 +0000 2018,0.5574,0.223,0.777,0.0,95
Fox News,.@LisaMarieBoothe weighed in on #TheStory Friday on the Democrats‚Äô handling of allegations against Judge Brett Kava‚Ä¶ https://t.co/iEMmdlbBwi,Sat Sep 29 09:23:00 +0000 2018,0.0,0.0,1.0,0.0,96
Fox News,".@LindseyGrahamSC on Kavanaugh nomination: ""Hopefully in the next few days the @FBI will answer questions that ling‚Ä¶ https://t.co/m26bEriYVa",Sat Sep 29 09:16:00 +0000 2018,0.4019,0.137,0.863,0.0,97
Fox News,".@billmaher attacks @LindseyGrahamSC for defending Kavanaugh, says senator needs 'his dead boyfriend' John McCain https://t.co/tz8fI2bvsf",Sat Sep 29 09:09:00 +0000 2018,-0.802,0.0,0.644,0.356,98
Fox News,"After watching hearing, woman accuses Washington state lawmaker of raping her in 2007 https://t.co/YpF8s4wZTE",Sat Sep 29 09:02:00 +0000 2018,-0.802,0.0,0.625,0.375,99
Fox News,"Free beer event for 'Trump supporters' backfires as Atlanta, UK breweries deny involvement https://t.co/5bMdWYrDYP",Sat Sep 29 08:55:00 +0000 2018,0.5859,0.316,0.561,0.122,100
The New York Times,"As others fled amid a 7.5 magnitude earthquake, the last act of an air traffic controller in Palu, Indonesia was to‚Ä¶ https://t.co/krLnJkGH9P",Sat Sep 29 22:10:07 +0000 2018,0.0,0.0,1.0,0.0,1
The New York Times,Breaking News: Elon Musk will step down as Tesla's chairman for 3 years and pay a $20 million fine in an S.E.C. set‚Ä¶ https://t.co/BqwBhxl4xT,Sat Sep 29 21:58:37 +0000 2018,0.1027,0.078,0.862,0.06,2
The New York Times,RT @NYTScience: Their dad went to the moon and back. He wanted to know if they mowed the lawn. https://t.co/CFi9Hyye3a,Sat Sep 29 21:44:42 +0000 2018,0.0,0.0,1.0,0.0,3
The New York Times,"Train stations, some remade and others crumbling, reflect the trajectories of their towns and cities. See what we f‚Ä¶ https://t.co/icEIVfkdLi",Sat Sep 29 21:30:12 +0000 2018,0.0,0.0,1.0,0.0,4
The New York Times,"In Opinion

Op-Ed contributor Rebecca Traister writes, ""This political moment has provoked a period in which more a‚Ä¶ https://t.co/2bLeiEnY5c",Sat Sep 29 21:15:06 +0000 2018,-0.2732,0.0,0.89,0.11,5
The New York Times,The clock has begun ticking on the one-week FBI investigation into sexual misconduct allegations made against Brett‚Ä¶ https://t.co/2iTIWCs99o,Sat Sep 29 21:00:09 +0000 2018,0.0,0.0,1.0,0.0,6
The New York Times,A 2016 law in France penalized paying for sex instead of selling it. But some prostitutes say that law puts them in‚Ä¶ https://t.co/Cr8QXhubCD,Sat Sep 29 20:45:01 +0000 2018,0.0,0.0,1.0,0.0,7
The New York Times,"After 45 years, more than 1,000 fights and some of the most lucrative and controversial matches of all time, HBO is‚Ä¶ https://t.co/4mMsRAGgP2",Sat Sep 29 20:31:08 +0000 2018,-0.6159,0.0,0.799,0.201,8
The New York Times,"""Rarely has the reputation of a leader fallen so far, so fast."" Aung San Suu Kyi: Nobel laureate, democracy icon an‚Ä¶ https://t.co/mZsqBBfYGG",Sat Sep 29 20:15:06 +0000 2018,-0.3612,0.0,0.889,0.111,9
The New York Times,Golf Digest and college students helped free a man wrongly convicted of murder. Here's the week in good news. https://t.co/yzDgXavDaQ,Sat Sep 29 20:02:02 +0000 2018,0.128,0.23,0.595,0.175,10
The New York Times,"A Sloan Kettering executive will give up his $1.4 million stake in a biotech start-up, as the hospital re-examines‚Ä¶ https://t.co/0yV9ZY68y7",Sat Sep 29 20:00:03 +0000 2018,0.0,0.0,1.0,0.0,11
The New York Times,Text messages that were supposed to warn Indonesians of a possible tsunami were foiled when cellphone towers were d‚Ä¶ https://t.co/A3nTUxRGuF,Sat Sep 29 19:45:07 +0000 2018,-0.1027,0.0,0.928,0.072,12
The New York Times,"He was always smiling, always laughing and running, like the average 4-year-old,‚Äù a neighbor said. ‚ÄúThat‚Äôs why this‚Ä¶ https://t.co/cZNILgbREW",Sat Sep 29 19:30:05 +0000 2018,0.8271,0.367,0.633,0.0,13
The New York Times,"In Opinion
Op-Ed contributor Sarah Hepola writes, ""I cannot know whether Judge Kavanaugh experienced a blackout. Bu‚Ä¶ https://t.co/WYAFRRh0Mq",Sat Sep 29 19:17:11 +0000 2018,0.0,0.0,1.0,0.0,14
The New York Times,"Did you stay up to date this week? Find out with this week's news quiz.
https://t.co/RrFhnBzf7H",Sat Sep 29 19:00:14 +0000 2018,0.0,0.0,1.0,0.0,15
The New York Times,"The booming housing market is slowing down. Years of breakneck price increases have outpaced wages, and buyers have‚Ä¶ https://t.co/L4av1FXzA9",Sat Sep 29 18:55:04 +0000 2018,0.0,0.0,1.0,0.0,16
The New York Times,"With their indignant eruptions in the Senate, Brett Kavanaugh and Lindsey Graham took a page from President Trump's‚Ä¶ https://t.co/Y6GaKJHoMP",Sat Sep 29 18:40:01 +0000 2018,-0.4215,0.0,0.859,0.141,17
The New York Times,RT @nytimesbusiness: The White House Council of Economic Advisers calculates that increasingly generous paid leave benefits mean that the a‚Ä¶,Sat Sep 29 18:25:05 +0000 2018,0.6908,0.245,0.705,0.05,18
The New York Times,"Organizers have announced a date for the 2019 Women's March, which will be held in Washington with sister demonstra‚Ä¶ https://t.co/6b1sZxT5RE",Sat Sep 29 18:10:05 +0000 2018,0.0,0.0,1.0,0.0,19
The New York Times,The invisible recession: A major economic event in 2016 escaped much public notice. But its impact was huge. https://t.co/HkKRiSBiOw,Sat Sep 29 17:55:03 +0000 2018,0.2617,0.141,0.767,0.091,20
The New York Times,"Our 52 Places Traveler visits the Italian Dolomites and finds mountains like a ""crowd of pious giants frozen in sto‚Ä¶ https://t.co/w9KvaH0hgw",Sat Sep 29 17:43:26 +0000 2018,0.3612,0.116,0.884,0.0,21
The New York Times,Sign up to get the Race/Related newsletter by email https://t.co/j1V640Odl3,Sat Sep 29 17:25:56 +0000 2018,0.0,0.0,1.0,0.0,22
The New York Times,"""Black women‚Äôs feminist contributions are very often erased,"" the novelist Tayari Jones observed. But their influen‚Ä¶ https://t.co/CG1Gty3FJw",Sat Sep 29 17:25:09 +0000 2018,0.0,0.0,1.0,0.0,23
The New York Times,"At this very moment, The Upshot and Siena College pollsters are making phone calls across America. You call follow‚Ä¶ https://t.co/FEh7w3EIsH",Sat Sep 29 17:11:05 +0000 2018,0.0,0.0,1.0,0.0,24
The New York Times,"Christine Blasey Ford's composed, but wrenching, testimony was ""a stark reminder of the gender dynamics, and mental‚Ä¶ https://t.co/QRAo9fYkb6",Sat Sep 29 16:55:01 +0000 2018,0.3919,0.135,0.865,0.0,25
The New York Times,A sleepless night and pressure from all sides: Inside the 24 hours that led Senator Jeff Flake to call to investiga‚Ä¶ https://t.co/cnfYEQkQcE,Sat Sep 29 16:40:07 +0000 2018,-0.296,0.0,0.901,0.099,26
The New York Times,"RT @nytopinion: I never felt compelled to share my story before, because it is so common, because so many women have been through worse. Bu‚Ä¶",Sat Sep 29 16:20:03 +0000 2018,-0.2612,0.08,0.765,0.155,27
The New York Times,"Marty Balin, the founder, lead singer and songwriter for Jefferson Airplane and key member of Jefferson Starship, d‚Ä¶ https://t.co/Soyr6U4eID",Sat Sep 29 16:05:08 +0000 2018,0.0,0.0,1.0,0.0,28
The New York Times,"Brett Kavanaugh‚Äôs testimony raised questions about his neutrality and temperament, threatening the already fragile‚Ä¶ https://t.co/pyz4RGBCmF",Sat Sep 29 15:55:06 +0000 2018,-0.5267,0.0,0.805,0.195,29
The New York Times,"""I feel like it was a message being sent: 'Don‚Äôt be like Tara or you will end up like Tara,'"" one woman said of the‚Ä¶ https://t.co/ZO6fAkjXHT",Sat Sep 29 15:40:05 +0000 2018,0.7579,0.254,0.746,0.0,30
The New York Times,The parents of this 6-year-old boy believed his speech difficulties were due to developmental delays. Then a dentis‚Ä¶ https://t.co/ag4Kk6ekJ5,Sat Sep 29 15:25:05 +0000 2018,-0.296,0.0,0.885,0.115,31
The New York Times,"In a unanimous vote, Canadian lawmakers move to strip Daw Aung San Suu Kyi of her honorary citizenship https://t.co/KBI7JlUI2h",Sat Sep 29 15:12:04 +0000 2018,0.34,0.124,0.876,0.0,32
The New York Times,"Christine Blasey Ford‚Äôs searing testimony before the Senate Judiciary Committee, and Brett Kavanaugh‚Äôs furious resp‚Ä¶ https://t.co/UjbN3YWdSi",Sat Sep 29 14:55:06 +0000 2018,-0.5719,0.0,0.802,0.198,33
The New York Times,"RT @NYTScience: ‚ÄúIf you are too upset, you are crazy. If you are not upset enough, people don‚Äôt believe you were raped. So you have to be j‚Ä¶",Sat Sep 29 14:41:54 +0000 2018,-0.9042,0.0,0.663,0.337,34
The New York Times,"""They played football, they joined a fraternity, they drank and partied, and it's just part of Americana: That's ho‚Ä¶ https://t.co/EG27RVgRnK",Sat Sep 29 14:25:05 +0000 2018,0.5859,0.22,0.78,0.0,35
The New York Times,"""The Simpsons"" is turning 30, and the Simpsons haven't aged a day. But they have evolved, as the culture has with t‚Ä¶ https://t.co/ma5XF4aF1G",Sat Sep 29 14:10:08 +0000 2018,0.0,0.0,1.0,0.0,36
The New York Times,"California Republican Rep. Duncan Hunter, himself indicted for misuse of campaign funds, launches ad suggesting his‚Ä¶ https://t.co/poEJN8D4dP",Sat Sep 29 14:05:05 +0000 2018,0.0,0.0,1.0,0.0,37
The New York Times,Here are 3 things an FBI investigation into Christine Blasey Ford's allegations against Kavanaugh could clear up. https://t.co/pYa7vXEijl,Sat Sep 29 13:50:04 +0000 2018,0.3818,0.14,0.86,0.0,38
The New York Times,"An earthquake and tsunami in Indonesia has killed nearly 400 people in one city alone, and the death toll could ris‚Ä¶ https://t.co/McBorQCrn7",Sat Sep 29 13:36:20 +0000 2018,-0.886,0.0,0.646,0.354,39
The New York Times,"Today, be kind to yourself
https://t.co/t4zSIkZ2bA",Sat Sep 29 13:31:53 +0000 2018,0.5267,0.405,0.595,0.0,40
The New York Times,"Recently widowed, they each joined a college program designed to keep older adults active and social. There, they f‚Ä¶ https://t.co/yZYzPPfzs4",Sat Sep 29 13:15:06 +0000 2018,-0.1027,0.118,0.746,0.136,41
The New York Times,"The Times fact-checked Brett Kavanaugh's hearing testimony about his drinking habits and whether friends had ""refut‚Ä¶ https://t.co/5iwyo3W7fK",Sat Sep 29 13:06:49 +0000 2018,0.4767,0.162,0.838,0.0,42
The New York Times,"International readers from South Africa to Scotland told us that they watched the Kavanaugh hearing: ""I don‚Äôt think‚Ä¶ https://t.co/fSnOcku47s",Sat Sep 29 13:02:07 +0000 2018,0.0,0.0,1.0,0.0,43
The New York Times,"Modern Love: ""I didn‚Äôt meet my girlfriend, Jessica, until 12 years after our daughter, Alice, was born. Let me expl‚Ä¶ https://t.co/RK6UxTnkIo",Sat Sep 29 12:42:06 +0000 2018,0.6369,0.174,0.826,0.0,44
The New York Times,Scraps of a former NFL lineman‚Äôs diary found after his death offer a painful glimpse of a football player losing hi‚Ä¶ https://t.co/dCXMjYGPjF,Sat Sep 29 12:22:04 +0000 2018,-0.8555,0.0,0.63,0.37,45
The New York Times,"How the FBI will investigate the Kavanaugh accusations
https://t.co/qAgTITm5RS",Sat Sep 29 12:02:02 +0000 2018,-0.3182,0.0,0.777,0.223,46
The New York Times,Facebook said that attackers exploited a weakness that enabled them to hijack the accounts of nearly 50 million use‚Ä¶ https://t.co/07YBUT2bjk,Sat Sep 29 11:42:04 +0000 2018,-0.8591,0.0,0.627,0.373,47
The New York Times,"RT @nytopinion: Kavanaugh's performance on Thursday was right out of Norman Rockwell with a touch of ""Mad Men,"" writes @NYTimesCohen https:‚Ä¶",Sat Sep 29 11:22:01 +0000 2018,-0.4939,0.0,0.856,0.144,48
The New York Times,"Kids‚Äô brainpower tied to exercise, sleep and limited screen time https://t.co/VfNqmeCgFt",Sat Sep 29 11:02:06 +0000 2018,-0.2263,0.0,0.84,0.16,49
The New York Times,"RT @nytrealestate: There's a reason why they call it ""staging a house"" - when you put your house on the market, it's not a place to live an‚Ä¶",Sat Sep 29 10:32:01 +0000 2018,0.0,0.0,1.0,0.0,50
The New York Times,"The Week in Good News: A Medical Breakthrough, a Sound Journey, Robyn https://t.co/KCUDQUwzUr",Sat Sep 29 10:22:34 +0000 2018,0.4404,0.225,0.775,0.0,51
The New York Times,Page to Screen: What to Read Before Heading to Movie Theaters This Fall https://t.co/FAqizfH6yk,Sat Sep 29 10:15:34 +0000 2018,0.0,0.0,1.0,0.0,52
The New York Times,"Chicken francese, sometimes called chicken French, is one of those rare restaurant dishes that's truly easy to cook‚Ä¶ https://t.co/6dkng0Ttao",Sat Sep 29 10:05:34 +0000 2018,0.7003,0.254,0.746,0.0,53
The New York Times,Having all the right cholesterol numbers and staying active is no guarantee your heart is in great shape https://t.co/zGk7vB2zM4,Sat Sep 29 09:48:10 +0000 2018,0.765,0.338,0.577,0.085,54
The New York Times,"RT @RorySmith: A curious quote here, a bad result there, a slightly dodgy WiFi connection: it doesn‚Äôt take much to send Man Utd over the ed‚Ä¶",Sat Sep 29 09:32:05 +0000 2018,-0.4228,0.084,0.73,0.186,55
The New York Times,This one-pan shrimp enchiladas verde recipe is as simple to make as it is tasty https://t.co/Lmw7eO1XAA https://t.co/Je0c16XmFx,Sat Sep 29 09:09:36 +0000 2018,0.0,0.0,1.0,0.0,56
The New York Times,The New Birds and Bees: Teaching Kids About Boundaries and Consent https://t.co/mVrenFA8HP,Sat Sep 29 08:52:09 +0000 2018,0.2263,0.147,0.853,0.0,57
The New York Times,"‚ÄúI don‚Äôt know who got a bigger fright: the seal, me or the octopus‚Äù https://t.co/gxayw44IQq",Sat Sep 29 08:49:55 +0000 2018,-0.3818,0.0,0.833,0.167,58
The New York Times,RT @nytimesworld: Seven men arrested in the Netherlands were arrested on charges of planning to attack a mass event with AK-47s and bomb be‚Ä¶,Sat Sep 29 08:32:01 +0000 2018,-0.9274,0.0,0.552,0.448,59
The New York Times,McKinsey &amp; Company is advising the Puerto Rican government on a financial overhaul to lighten its crippling debts.‚Ä¶ https://t.co/E1uRYpKeLb,Sat Sep 29 08:05:21 +0000 2018,0.0,0.0,1.0,0.0,60
The New York Times,Breaking News: Nearly 400 people were killed when an earthquake and a tsunami struck the Indonesian island of Sulaw‚Ä¶ https://t.co/4pQUmpMggT,Sat Sep 29 08:04:42 +0000 2018,-0.7579,0.0,0.723,0.277,61
The New York Times,A program intended to wipe away the student loans of qualifying public servants rejected more than 99% of those who‚Ä¶ https://t.co/06as1CWjkT,Sat Sep 29 07:48:16 +0000 2018,-0.5106,0.0,0.852,0.148,62
The New York Times,RT @comradewong: 1. Secretary of State Mike Pompeo made a surprise announcement on the closing of the Basra consulate. Cited security reaso‚Ä¶,Sat Sep 29 07:32:00 +0000 2018,0.5423,0.191,0.809,0.0,63
The New York Times,A Prostitute Was Killed in France. Is a New Law Partly to Blame? https://t.co/bmp3PFRMJz,Sat Sep 29 07:28:43 +0000 2018,-0.7665,0.0,0.602,0.398,64
The New York Times,"In case you're listening to Robyn's new song, ""Honey,"" on repeat...  https://t.co/JG85JYu0RX",Sat Sep 29 07:06:16 +0000 2018,0.0,0.0,1.0,0.0,65
The New York Times,Scientists reported the first discovery of all-female termite societies ‚Äî¬†researchers did not find a single male https://t.co/wSUj2xJy05,Sat Sep 29 06:50:05 +0000 2018,0.0,0.0,1.0,0.0,66
The New York Times,"RT @HernandezJavier: The young activists are model students &amp; ardent communists, singing socialist anthems and quoting Mao. But China's lea‚Ä¶",Sat Sep 29 06:32:06 +0000 2018,0.2617,0.097,0.903,0.0,67
The New York Times,"Lady Gaga and Bradley Cooper are in the sha-ha-sha-hallow, and Lil Wayne's long-delayed album is here. Here's the w‚Ä¶ https://t.co/PKWMDlw9Cw",Sat Sep 29 06:15:52 +0000 2018,0.0,0.0,1.0,0.0,68
The New York Times,Good science means publishing negative results. It doesn't happen nearly enough. https://t.co/bDl1g2jQTG,Sat Sep 29 05:59:31 +0000 2018,-0.2023,0.175,0.602,0.223,69
The New York Times,RT @NYTScience: Research into these termite colonies in Japan is the first to demonstrate that males can be discarded from advanced societi‚Ä¶,Sat Sep 29 05:42:03 +0000 2018,-0.1027,0.082,0.82,0.098,70
The New York Times,"Social Security faces a projected shortfall in about 16 years, when benefits would be cut by roughly 20%. Lawmakers‚Ä¶ https://t.co/2NMThx4CH0",Sat Sep 29 05:22:06 +0000 2018,0.4404,0.216,0.693,0.091,71
The New York Times,"In a world that relentlessly enforces limits, the love of a pet is a refuge for unconstrained emotion, especially f‚Ä¶ https://t.co/9EUUOR1Mgl",Sat Sep 29 05:02:02 +0000 2018,0.6369,0.198,0.802,0.0,72
The New York Times,"A tsunami kills dozens in Indonesia, and an aid worker fears the toll will rise: ‚ÄúI‚Äôm worried about people who migh‚Ä¶ https://t.co/f6YPK34FKh",Sat Sep 29 04:42:05 +0000 2018,-0.8176,0.0,0.679,0.321,73
The New York Times,"By the time it closes, it will be the 25th-longest-running Broadway production in history https://t.co/W6UiJdZAFn",Sat Sep 29 04:21:03 +0000 2018,0.0,0.0,1.0,0.0,74
The New York Times,"Marty Balin, a Founder of Jefferson Airplane, Dies at 76 https://t.co/IEviiYSSJb",Sat Sep 29 04:16:58 +0000 2018,0.0,0.0,1.0,0.0,75
The New York Times,"RT @nytpolitics: Representative Duncan Hunter has released a startling attack against his Democratic challenger, suggesting that he is an I‚Ä¶",Sat Sep 29 04:02:01 +0000 2018,-0.3182,0.128,0.731,0.142,76
The New York Times,"While many NASA astronauts have auctioned off items decades ago, ‚ÄúNeil Armstrong never did that,‚Äù an auction offici‚Ä¶ https://t.co/eaErJ25Fx2",Sat Sep 29 03:47:06 +0000 2018,0.0,0.0,1.0,0.0,77
The New York Times,"RT @mmcintire: NEW: ‚ÄúWhat emerges is the image of a skilled lawyer who, when pressed on difficult subjects, sometimes crafted responses tha‚Ä¶",Sat Sep 29 03:32:02 +0000 2018,-0.3612,0.0,0.889,0.111,78
The New York Times,"International readers from South Africa to Scotland told us that they watched the Kavanaugh hearing: ""I don‚Äôt think‚Ä¶ https://t.co/vPeubxVAx2",Sat Sep 29 03:17:05 +0000 2018,0.0,0.0,1.0,0.0,79
The New York Times,RT @dgelles: NEW: The story behind the lawsuit with details of the proposed settlement that Elon rejected. w ‚Å¶@MattGoldstein26‚Å© ‚Å¶@FlitterOn‚Ä¶,Sat Sep 29 03:02:02 +0000 2018,-0.6369,0.0,0.766,0.234,80
The New York Times,The Yankees have clinched home-field advantage for Wednesday‚Äôs American League wild-card playoff game against the O‚Ä¶ https://t.co/UGsXFGC2KD,Sat Sep 29 02:45:07 +0000 2018,0.25,0.111,0.889,0.0,81
The New York Times,"How the FBI will investigate the Kavanaugh accusations
https://t.co/Ak24Cp4Ppz",Sat Sep 29 02:32:03 +0000 2018,-0.3182,0.0,0.777,0.223,82
The New York Times,"RT @nytgraphics: The Senate testimony of Christine Blasey Ford and Judge Brett M. Kavanaugh, the man she alleges assaulted her while they w‚Ä¶",Sat Sep 29 02:17:02 +0000 2018,-0.5267,0.0,0.866,0.134,83
The New York Times,"In case you're listening to Robyn's new song, ""Honey,"" on repeat...  https://t.co/HtBIfytqh8",Sat Sep 29 02:02:03 +0000 2018,0.0,0.0,1.0,0.0,84
The New York Times,A sleepless night and pressure from all sides: Inside the 24 hours that led Senator Jeff Flake to call to investiga‚Ä¶ https://t.co/HzGlZScKGU,Sat Sep 29 01:47:47 +0000 2018,-0.296,0.0,0.901,0.099,85
The New York Times,Anita Hill had several messages for Christine Blasey Ford: ‚ÄúBe authentic and do what feels right to you‚Äù https://t.co/gIYTDWE6VQ,Sat Sep 29 01:32:04 +0000 2018,0.0,0.0,1.0,0.0,86
The New York Times,"RT @nytopinion: Senate Republicans might note, with a little humility, that subsequent reporting has pretty much confirmed that Anita Hill‚Ä¶",Sat Sep 29 01:17:02 +0000 2018,0.4939,0.151,0.849,0.0,87
The New York Times,Evening Briefing: Here's what you need to know at the end of the day https://t.co/TbxHJzojC5,Sat Sep 29 01:02:06 +0000 2018,0.0,0.0,1.0,0.0,88
The New York Times,Cher's album of Abba covers is finally here. She told us she actually wasn‚Äôt a big fan of Abba in the ‚Äô70s. https://t.co/zbSmPZ80Wd,Sat Sep 29 00:47:04 +0000 2018,0.3182,0.099,0.901,0.0,89
The New York Times,Get our On Politics newsletter delivered to your inbox. Sign up here: https://t.co/rcoPNR5UI7,Sat Sep 29 00:41:00 +0000 2018,0.0,0.0,1.0,0.0,90
The New York Times,"Nearly 1,600 readers wrote to express their opinion about the Kavanaugh hearing. We got notes from as far as Austra‚Ä¶ https://t.co/8Qlyfo8j7q",Sat Sep 29 00:32:04 +0000 2018,0.0,0.0,1.0,0.0,91
The New York Times,"RT @ByJamesWagner: The Mets have done a lot more losing than winning in their history. Yet somehow, and despite the time differences, they‚Ä¶",Sat Sep 29 00:17:07 +0000 2018,0.1952,0.138,0.753,0.109,92
The New York Times,"In a unanimous vote, Canadian lawmakers move to strip Daw Aung San Suu Kyi of her honorary citizenship https://t.co/Cyq2QnGkZs",Sat Sep 29 00:02:07 +0000 2018,0.34,0.124,0.876,0.0,93
The New York Times,"""The Simpsons"" starts its 30th season this weekend. We took a look at how the series and its place in TV comedy hav‚Ä¶ https://t.co/jJkV6EpoSR",Fri Sep 28 23:47:07 +0000 2018,0.3612,0.102,0.898,0.0,94
The New York Times,Scraps of a former NFL lineman‚Äôs diary found after his death offer a painful glimpse of a football player losing hi‚Ä¶ https://t.co/0esK6SNmHS,Fri Sep 28 23:32:05 +0000 2018,-0.8555,0.0,0.63,0.37,95
The New York Times,"RT @dagnysalas: Your one stop for @nytimes links on Brett Kavanaugh, Christine Blasey Ford, the other accusations, the fallout, what's next‚Ä¶",Fri Sep 28 23:17:05 +0000 2018,-0.5423,0.0,0.809,0.191,96
The New York Times,Evening Briefing: Here's what you need to know at the end of the day https://t.co/MuyyIkGSdj,Fri Sep 28 23:02:06 +0000 2018,0.0,0.0,1.0,0.0,97
The New York Times,"RT @MikeIsaac: one last nugget, which will go in our final story once updated later today: 

Mark Zuckerberg and Sheryl Sandberg's Facebook‚Ä¶",Fri Sep 28 22:47:05 +0000 2018,0.0,0.0,1.0,0.0,98
The New York Times,"The DeSantis campaign did not deny being behind the text messages, which appeared to target voters with Jewish last‚Ä¶ https://t.co/6tKxB1FMfG",Fri Sep 28 22:32:02 +0000 2018,0.2584,0.097,0.903,0.0,99
The New York Times,"Mark Judge, who has been named by 2 women as being a key witness to sexual misconduct by Brett Kavanaugh, said that‚Ä¶ https://t.co/bhVh7UQoaN",Fri Sep 28 22:17:05 +0000 2018,0.0,0.0,1.0,0.0,100
